model,variant,split,metric,k,value,n_users,n_ratings,seed,run_id,timestamp
mf,"learning_rate=0.005,n_factors=8,regularisation=0.005",val,rmse,,0.9841842147860101,943,9988,20260903,20260922T171255,1790077399
mf,"learning_rate=0.005,n_factors=8,regularisation=0.005",val,mae,,0.7771267257893731,943,9988,20260903,20260922T171255,1790077399
mf,"learning_rate=0.005,n_factors=8,regularisation=0.005",val,precision_at_k,5.0,0.028935185185185185,864,0,20260903,20260922T171255,1790077399
mf,"learning_rate=0.005,n_factors=8,regularisation=0.005",val,recall_at_k,5.0,0.023915820736007305,864,0,20260903,20260922T171255,1790077399
mf,"learning_rate=0.005,n_factors=8,regularisation=0.005",val,coverage,5.0,0.07936507936507936,864,0,20260903,20260922T171255,1790077399
mf,"learning_rate=0.005,n_factors=8,regularisation=0.005",val,mean_popularity,5.0,191.08171296296297,864,0,20260903,20260922T171255,1790077399
mf,"learning_rate=0.005,n_factors=8,regularisation=0.005",val,popularity_percentile,5.0,0.9259862228810768,864,0,20260903,20260922T171255,1790077399
mf,"learning_rate=0.005,n_factors=8,regularisation=0.005",val,gini,5.0,0.9844379776601999,864,0,20260903,20260922T171255,1790077399
mf,"learning_rate=0.005,n_factors=8,regularisation=0.005",val,precision_at_k,10.0,0.02534722222222222,864,0,20260903,20260922T171255,1790077399
mf,"learning_rate=0.005,n_factors=8,regularisation=0.005",val,recall_at_k,10.0,0.039474985821881824,864,0,20260903,20260922T171255,1790077399
mf,"learning_rate=0.005,n_factors=8,regularisation=0.005",val,coverage,10.0,0.1180952380952381,864,0,20260903,20260922T171255,1790077399
mf,"learning_rate=0.005,n_factors=8,regularisation=0.005",val,mean_popularity,10.0,185.6960648148148,864,0,20260903,20260922T171255,1790077399
mf,"learning_rate=0.005,n_factors=8,regularisation=0.005",val,popularity_percentile,10.0,0.9220354487269989,864,0,20260903,20260922T171255,1790077399
mf,"learning_rate=0.005,n_factors=8,regularisation=0.005",val,gini,10.0,0.9769209288653733,864,0,20260903,20260922T171255,1790077399
mf,"learning_rate=0.005,n_factors=8,regularisation=0.005",val,precision_at_k,20.0,0.023379629629629632,864,0,20260903,20260922T171255,1790077399
mf,"learning_rate=0.005,n_factors=8,regularisation=0.005",val,recall_at_k,20.0,0.07822890853175306,864,0,20260903,20260922T171255,1790077399
mf,"learning_rate=0.005,n_factors=8,regularisation=0.005",val,coverage,20.0,0.16,864,0,20260903,20260922T171255,1790077399
mf,"learning_rate=0.005,n_factors=8,regularisation=0.005",val,mean_popularity,20.0,173.86875,864,0,20260903,20260922T171255,1790077399
mf,"learning_rate=0.005,n_factors=8,regularisation=0.005",val,popularity_percentile,20.0,0.9097874826462422,864,0,20260903,20260922T171255,1790077399
mf,"learning_rate=0.005,n_factors=8,regularisation=0.005",val,gini,20.0,0.9643926366843033,864,0,20260903,20260922T171255,1790077399
mf,"learning_rate=0.01,n_factors=8,regularisation=0.005",val,rmse,,0.9838559969127215,943,9988,20260903,20260922T171255,1790077415
mf,"learning_rate=0.01,n_factors=8,regularisation=0.005",val,mae,,0.776718657034019,943,9988,20260903,20260922T171255,1790077415
mf,"learning_rate=0.01,n_factors=8,regularisation=0.005",val,precision_at_k,5.0,0.028240740740740743,864,0,20260903,20260922T171255,1790077415
mf,"learning_rate=0.01,n_factors=8,regularisation=0.005",val,recall_at_k,5.0,0.022991420419245876,864,0,20260903,20260922T171255,1790077415
mf,"learning_rate=0.01,n_factors=8,regularisation=0.005",val,coverage,5.0,0.09079365079365079,864,0,20260903,20260922T171255,1790077415
mf,"learning_rate=0.01,n_factors=8,regularisation=0.005",val,mean_popularity,5.0,198.41412037037037,864,0,20260903,20260922T171255,1790077415
mf,"learning_rate=0.01,n_factors=8,regularisation=0.005",val,popularity_percentile,5.0,0.9299287613534754,864,0,20260903,20260922T171255,1790077415
mf,"learning_rate=0.01,n_factors=8,regularisation=0.005",val,gini,5.0,0.9788127572016461,864,0,20260903,20260922T171255,1790077415
mf,"learning_rate=0.01,n_factors=8,regularisation=0.005",val,precision_at_k,10.0,0.02534722222222222,864,0,20260903,20260922T171255,1790077415
mf,"learning_rate=0.01,n_factors=8,regularisation=0.005",val,recall_at_k,10.0,0.04073258554081052,864,0,20260903,20260922T171255,1790077415
mf,"learning_rate=0.01,n_factors=8,regularisation=0.005",val,coverage,10.0,0.13333333333333333,864,0,20260903,20260922T171255,1790077415
mf,"learning_rate=0.01,n_factors=8,regularisation=0.005",val,mean_popularity,10.0,187.34560185185185,864,0,20260903,20260922T171255,1790077415
mf,"learning_rate=0.01,n_factors=8,regularisation=0.005",val,popularity_percentile,10.0,0.9214027718951481,864,0,20260903,20260922T171255,1790077415
mf,"learning_rate=0.01,n_factors=8,regularisation=0.005",val,gini,10.0,0.9702067901234568,864,0,20260903,20260922T171255,1790077415
mf,"learning_rate=0.01,n_factors=8,regularisation=0.005",val,precision_at_k,20.0,0.02291666666666667,864,0,20260903,20260922T171255,1790077415
mf,"learning_rate=0.01,n_factors=8,regularisation=0.005",val,recall_at_k,20.0,0.07408855277309373,864,0,20260903,20260922T171255,1790077415
mf,"learning_rate=0.01,n_factors=8,regularisation=0.005",val,coverage,20.0,0.18222222222222223,864,0,20260903,20260922T171255,1790077415
mf,"learning_rate=0.01,n_factors=8,regularisation=0.005",val,mean_popularity,20.0,174.60306712962964,864,0,20260903,20260922T171255,1790077415
mf,"learning_rate=0.01,n_factors=8,regularisation=0.005",val,popularity_percentile,20.0,0.9087383891594899,864,0,20260903,20260922T171255,1790077415
mf,"learning_rate=0.01,n_factors=8,regularisation=0.005",val,gini,20.0,0.9565680482069371,864,0,20260903,20260922T171255,1790077415
mf,"learning_rate=0.005,n_factors=8,regularisation=0.02",val,rmse,,0.9794464605485318,943,9988,20260903,20260922T171255,1790077444
mf,"learning_rate=0.005,n_factors=8,regularisation=0.02",val,mae,,0.7733595827196073,943,9988,20260903,20260922T171255,1790077444
mf,"learning_rate=0.005,n_factors=8,regularisation=0.02",val,precision_at_k,5.0,0.028472222222222225,864,0,20260903,20260922T171255,1790077444
mf,"learning_rate=0.005,n_factors=8,regularisation=0.02",val,recall_at_k,5.0,0.022380084738465752,864,0,20260903,20260922T171255,1790077444
mf,"learning_rate=0.005,n_factors=8,regularisation=0.02",val,coverage,5.0,0.08952380952380952,864,0,20260903,20260922T171255,1790077444
mf,"learning_rate=0.005,n_factors=8,regularisation=0.02",val,mean_popularity,5.0,194.58356481481482,864,0,20260903,20260922T171255,1790077444
mf,"learning_rate=0.005,n_factors=8,regularisation=0.02",val,popularity_percentile,5.0,0.9278239564214786,864,0,20260903,20260922T171255,1790077444
mf,"learning_rate=0.005,n_factors=8,regularisation=0.02",val,gini,5.0,0.9826840094062316,864,0,20260903,20260922T171255,1790077444
mf,"learning_rate=0.005,n_factors=8,regularisation=0.02",val,precision_at_k,10.0,0.02488425925925926,864,0,20260903,20260922T171255,1790077444
mf,"learning_rate=0.005,n_factors=8,regularisation=0.02",val,recall_at_k,10.0,0.03873107390175463,864,0,20260903,20260922T171255,1790077444
mf,"learning_rate=0.005,n_factors=8,regularisation=0.02",val,coverage,10.0,0.12634920634920635,864,0,20260903,20260922T171255,1790077444
mf,"learning_rate=0.005,n_factors=8,regularisation=0.02",val,mean_popularity,10.0,185.3920138888889,864,0,20260903,20260922T171255,1790077444
mf,"learning_rate=0.005,n_factors=8,regularisation=0.02",val,popularity_percentile,10.0,0.920453903713116,864,0,20260903,20260922T171255,1790077444
mf,"learning_rate=0.005,n_factors=8,regularisation=0.02",val,gini,10.0,0.974523368606702,864,0,20260903,20260922T171255,1790077444
mf,"learning_rate=0.005,n_factors=8,regularisation=0.02",val,precision_at_k,20.0,0.0234375,864,0,20260903,20260922T171255,1790077444
mf,"learning_rate=0.005,n_factors=8,regularisation=0.02",val,recall_at_k,20.0,0.07603780626363532,864,0,20260903,20260922T171255,1790077444
mf,"learning_rate=0.005,n_factors=8,regularisation=0.02",val,coverage,20.0,0.1707936507936508,864,0,20260903,20260922T171255,1790077444
mf,"learning_rate=0.005,n_factors=8,regularisation=0.02",val,mean_popularity,20.0,171.4025462962963,864,0,20260903,20260922T171255,1790077444
mf,"learning_rate=0.005,n_factors=8,regularisation=0.02",val,popularity_percentile,20.0,0.9063816238411219,864,0,20260903,20260922T171255,1790077444
mf,"learning_rate=0.005,n_factors=8,regularisation=0.02",val,gini,20.0,0.9612882128159906,864,0,20260903,20260922T171255,1790077444
mf,"learning_rate=0.01,n_factors=8,regularisation=0.02",val,rmse,,0.9781948784218732,943,9988,20260903,20260922T171255,1790077462
mf,"learning_rate=0.01,n_factors=8,regularisation=0.02",val,mae,,0.7725316406819245,943,9988,20260903,20260922T171255,1790077462
mf,"learning_rate=0.01,n_factors=8,regularisation=0.02",val,precision_at_k,5.0,0.030555555555555555,864,0,20260903,20260922T171255,1790077462
mf,"learning_rate=0.01,n_factors=8,regularisation=0.02",val,recall_at_k,5.0,0.024205450164940776,864,0,20260903,20260922T171255,1790077462
mf,"learning_rate=0.01,n_factors=8,regularisation=0.02",val,coverage,5.0,0.09777777777777778,864,0,20260903,20260922T171255,1790077462
mf,"learning_rate=0.01,n_factors=8,regularisation=0.02",val,mean_popularity,5.0,201.47083333333333,864,0,20260903,20260922T171255,1790077462
mf,"learning_rate=0.01,n_factors=8,regularisation=0.02",val,popularity_percentile,5.0,0.930604234316909,864,0,20260903,20260922T171255,1790077462
mf,"learning_rate=0.01,n_factors=8,regularisation=0.02",val,gini,5.0,0.9784582598471487,864,0,20260903,20260922T171255,1790077462
mf,"learning_rate=0.01,n_factors=8,regularisation=0.02",val,precision_at_k,10.0,0.02615740740740741,864,0,20260903,20260922T171255,1790077462
mf,"learning_rate=0.01,n_factors=8,regularisation=0.02",val,recall_at_k,10.0,0.042900615728917076,864,0,20260903,20260922T171255,1790077462
mf,"learning_rate=0.01,n_factors=8,regularisation=0.02",val,coverage,10.0,0.1473015873015873,864,0,20260903,20260922T171255,1790077462
mf,"learning_rate=0.01,n_factors=8,regularisation=0.02",val,mean_popularity,10.0,187.8931712962963,864,0,20260903,20260922T171255,1790077462
mf,"learning_rate=0.01,n_factors=8,regularisation=0.02",val,popularity_percentile,10.0,0.9209413531225,864,0,20260903,20260922T171255,1790077462
mf,"learning_rate=0.01,n_factors=8,regularisation=0.02",val,gini,10.0,0.968608759553204,864,0,20260903,20260922T171255,1790077462
mf,"learning_rate=0.01,n_factors=8,regularisation=0.02",val,precision_at_k,20.0,0.023553240740740743,864,0,20260903,20260922T171255,1790077462
mf,"learning_rate=0.01,n_factors=8,regularisation=0.02",val,recall_at_k,20.0,0.07882970915376555,864,0,20260903,20260922T171255,1790077462
mf,"learning_rate=0.01,n_factors=8,regularisation=0.02",val,coverage,20.0,0.1892063492063492,864,0,20260903,20260922T171255,1790077462
mf,"learning_rate=0.01,n_factors=8,regularisation=0.02",val,mean_popularity,20.0,172.09155092592593,864,0,20260903,20260922T171255,1790077462
mf,"learning_rate=0.01,n_factors=8,regularisation=0.02",val,popularity_percentile,20.0,0.9060621235116947,864,0,20260903,20260922T171255,1790077462
mf,"learning_rate=0.01,n_factors=8,regularisation=0.02",val,gini,20.0,0.9544850823045268,864,0,20260903,20260922T171255,1790077462
mf,"learning_rate=0.005,n_factors=8,regularisation=0.05",val,rmse,,0.9708017400242639,943,9988,20260903,20260922T171255,1790077499
mf,"learning_rate=0.005,n_factors=8,regularisation=0.05",val,mae,,0.7668071696188353,943,9988,20260903,20260922T171255,1790077499
mf,"learning_rate=0.005,n_factors=8,regularisation=0.05",val,precision_at_k,5.0,0.03009259259259259,864,0,20260903,20260922T171255,1790077499
mf,"learning_rate=0.005,n_factors=8,regularisation=0.05",val,recall_at_k,5.0,0.022502600691738643,864,0,20260903,20260922T171255,1790077499
mf,"learning_rate=0.005,n_factors=8,regularisation=0.05",val,coverage,5.0,0.08444444444444445,864,0,20260903,20260922T171255,1790077499
mf,"learning_rate=0.005,n_factors=8,regularisation=0.05",val,mean_popularity,5.0,191.43032407407406,864,0,20260903,20260922T171255,1790077499
mf,"learning_rate=0.005,n_factors=8,regularisation=0.05",val,popularity_percentile,5.0,0.9267812602946021,864,0,20260903,20260922T171255,1790077499
mf,"learning_rate=0.005,n_factors=8,regularisation=0.05",val,gini,5.0,0.9841455026455026,864,0,20260903,20260922T171255,1790077499
mf,"learning_rate=0.005,n_factors=8,regularisation=0.05",val,precision_at_k,10.0,0.026273148148148146,864,0,20260903,20260922T171255,1790077499
mf,"learning_rate=0.005,n_factors=8,regularisation=0.05",val,recall_at_k,10.0,0.04135495855068888,864,0,20260903,20260922T171255,1790077499
mf,"learning_rate=0.005,n_factors=8,regularisation=0.05",val,coverage,10.0,0.12698412698412698,864,0,20260903,20260922T171255,1790077499
mf,"learning_rate=0.005,n_factors=8,regularisation=0.05",val,mean_popularity,10.0,183.9076388888889,864,0,20260903,20260922T171255,1790077499
mf,"learning_rate=0.005,n_factors=8,regularisation=0.05",val,popularity_percentile,10.0,0.9180222451644784,864,0,20260903,20260922T171255,1790077499
mf,"learning_rate=0.005,n_factors=8,regularisation=0.05",val,gini,10.0,0.975604938271605,864,0,20260903,20260922T171255,1790077499
mf,"learning_rate=0.005,n_factors=8,regularisation=0.05",val,precision_at_k,20.0,0.024074074074074074,864,0,20260903,20260922T171255,1790077499
mf,"learning_rate=0.005,n_factors=8,regularisation=0.05",val,recall_at_k,20.0,0.08062983193760852,864,0,20260903,20260922T171255,1790077499
mf,"learning_rate=0.005,n_factors=8,regularisation=0.05",val,coverage,20.0,0.17333333333333334,864,0,20260903,20260922T171255,1790077499
mf,"learning_rate=0.005,n_factors=8,regularisation=0.05",val,mean_popularity,20.0,170.82731481481483,864,0,20260903,20260922T171255,1790077499
mf,"learning_rate=0.005,n_factors=8,regularisation=0.05",val,popularity_percentile,20.0,0.9039985337545295,864,0,20260903,20260922T171255,1790077499
mf,"learning_rate=0.005,n_factors=8,regularisation=0.05",val,gini,20.0,0.9614196796002351,864,0,20260903,20260922T171255,1790077499
mf,"learning_rate=0.01,n_factors=8,regularisation=0.05",val,rmse,,0.9700420140185299,943,9988,20260903,20260922T171255,1790077521
mf,"learning_rate=0.01,n_factors=8,regularisation=0.05",val,mae,,0.7663424442477538,943,9988,20260903,20260922T171255,1790077521
mf,"learning_rate=0.01,n_factors=8,regularisation=0.05",val,precision_at_k,5.0,0.02916666666666667,864,0,20260903,20260922T171255,1790077521
mf,"learning_rate=0.01,n_factors=8,regularisation=0.05",val,recall_at_k,5.0,0.0230964235128899,864,0,20260903,20260922T171255,1790077521
mf,"learning_rate=0.01,n_factors=8,regularisation=0.05",val,coverage,5.0,0.08253968253968254,864,0,20260903,20260922T171255,1790077521
mf,"learning_rate=0.01,n_factors=8,regularisation=0.05",val,mean_popularity,5.0,192.65208333333334,864,0,20260903,20260922T171255,1790077521
mf,"learning_rate=0.01,n_factors=8,regularisation=0.05",val,popularity_percentile,5.0,0.9285634029836699,864,0,20260903,20260922T171255,1790077521
mf,"learning_rate=0.01,n_factors=8,regularisation=0.05",val,gini,5.0,0.9846255144032922,864,0,20260903,20260922T171255,1790077521
mf,"learning_rate=0.01,n_factors=8,regularisation=0.05",val,precision_at_k,10.0,0.025694444444444443,864,0,20260903,20260922T171255,1790077521
mf,"learning_rate=0.01,n_factors=8,regularisation=0.05",val,recall_at_k,10.0,0.041029555887296766,864,0,20260903,20260922T171255,1790077521
mf,"learning_rate=0.01,n_factors=8,regularisation=0.05",val,coverage,10.0,0.12571428571428572,864,0,20260903,20260922T171255,1790077521
mf,"learning_rate=0.01,n_factors=8,regularisation=0.05",val,mean_popularity,10.0,183.6306712962963,864,0,20260903,20260922T171255,1790077521
mf,"learning_rate=0.01,n_factors=8,regularisation=0.05",val,popularity_percentile,10.0,0.9178187797072803,864,0,20260903,20260922T171255,1790077521
mf,"learning_rate=0.01,n_factors=8,regularisation=0.05",val,gini,10.0,0.9764816284538507,864,0,20260903,20260922T171255,1790077521
mf,"learning_rate=0.01,n_factors=8,regularisation=0.05",val,precision_at_k,20.0,0.024652777777777777,864,0,20260903,20260922T171255,1790077521
mf,"learning_rate=0.01,n_factors=8,regularisation=0.05",val,recall_at_k,20.0,0.08182864302284187,864,0,20260903,20260922T171255,1790077521
mf,"learning_rate=0.01,n_factors=8,regularisation=0.05",val,coverage,20.0,0.1676190476190476,864,0,20260903,20260922T171255,1790077521
mf,"learning_rate=0.01,n_factors=8,regularisation=0.05",val,mean_popularity,20.0,169.2279513888889,864,0,20260903,20260922T171255,1790077521
mf,"learning_rate=0.01,n_factors=8,regularisation=0.05",val,popularity_percentile,20.0,0.9031609208080381,864,0,20260903,20260922T171255,1790077521
mf,"learning_rate=0.01,n_factors=8,regularisation=0.05",val,gini,20.0,0.9623890358612581,864,0,20260903,20260922T171255,1790077521
mf,"learning_rate=0.005,n_factors=8,regularisation=0.1",val,rmse,,0.9673143941733725,943,9988,20260903,20260922T171255,1790077564
mf,"learning_rate=0.005,n_factors=8,regularisation=0.1",val,mae,,0.7654994357712464,943,9988,20260903,20260922T171255,1790077564
mf,"learning_rate=0.005,n_factors=8,regularisation=0.1",val,precision_at_k,5.0,0.02592592592592593,864,0,20260903,20260922T171255,1790077564
mf,"learning_rate=0.005,n_factors=8,regularisation=0.1",val,recall_at_k,5.0,0.018761015901177246,864,0,20260903,20260922T171255,1790077564
mf,"learning_rate=0.005,n_factors=8,regularisation=0.1",val,coverage,5.0,0.04,864,0,20260903,20260922T171255,1790077564
mf,"learning_rate=0.005,n_factors=8,regularisation=0.1",val,mean_popularity,5.0,180.99814814814815,864,0,20260903,20260922T171255,1790077564
mf,"learning_rate=0.005,n_factors=8,regularisation=0.1",val,popularity_percentile,5.0,0.9212637947668126,864,0,20260903,20260922T171255,1790077564
mf,"learning_rate=0.005,n_factors=8,regularisation=0.1",val,gini,5.0,0.9925496766607877,864,0,20260903,20260922T171255,1790077564
mf,"learning_rate=0.005,n_factors=8,regularisation=0.1",val,precision_at_k,10.0,0.02800925925925926,864,0,20260903,20260922T171255,1790077564
mf,"learning_rate=0.005,n_factors=8,regularisation=0.1",val,recall_at_k,10.0,0.04831596953119982,864,0,20260903,20260922T171255,1790077564
mf,"learning_rate=0.005,n_factors=8,regularisation=0.1",val,coverage,10.0,0.07174603174603175,864,0,20260903,20260922T171255,1790077564
mf,"learning_rate=0.005,n_factors=8,regularisation=0.1",val,mean_popularity,10.0,185.79131944444444,864,0,20260903,20260922T171255,1790077564
mf,"learning_rate=0.005,n_factors=8,regularisation=0.1",val,popularity_percentile,10.0,0.921400051178879,864,0,20260903,20260922T171255,1790077564
mf,"learning_rate=0.005,n_factors=8,regularisation=0.1",val,gini,10.0,0.9863098177542622,864,0,20260903,20260922T171255,1790077564
mf,"learning_rate=0.005,n_factors=8,regularisation=0.1",val,precision_at_k,20.0,0.024305555555555556,864,0,20260903,20260922T171255,1790077564
mf,"learning_rate=0.005,n_factors=8,regularisation=0.1",val,recall_at_k,20.0,0.08126033192272805,864,0,20260903,20260922T171255,1790077564
mf,"learning_rate=0.005,n_factors=8,regularisation=0.1",val,coverage,20.0,0.11047619047619048,864,0,20260903,20260922T171255,1790077564
mf,"learning_rate=0.005,n_factors=8,regularisation=0.1",val,mean_popularity,20.0,171.79056712962964,864,0,20260903,20260922T171255,1790077564
mf,"learning_rate=0.005,n_factors=8,regularisation=0.1",val,popularity_percentile,20.0,0.9075457962727658,864,0,20260903,20260922T171255,1790077564
mf,"learning_rate=0.005,n_factors=8,regularisation=0.1",val,gini,20.0,0.9759620811287478,864,0,20260903,20260922T171255,1790077564
mf,"learning_rate=0.01,n_factors=8,regularisation=0.1",val,rmse,,0.9633932785289715,943,9988,20260903,20260922T171255,1790077599
mf,"learning_rate=0.01,n_factors=8,regularisation=0.1",val,mae,,0.7616471876772036,943,9988,20260903,20260922T171255,1790077599
mf,"learning_rate=0.01,n_factors=8,regularisation=0.1",val,precision_at_k,5.0,0.030555555555555558,864,0,20260903,20260922T171255,1790077599
mf,"learning_rate=0.01,n_factors=8,regularisation=0.1",val,recall_at_k,5.0,0.023888209309620656,864,0,20260903,20260922T171255,1790077599
mf,"learning_rate=0.01,n_factors=8,regularisation=0.1",val,coverage,5.0,0.07428571428571429,864,0,20260903,20260922T171255,1790077599
mf,"learning_rate=0.01,n_factors=8,regularisation=0.1",val,mean_popularity,5.0,189.24467592592592,864,0,20260903,20260922T171255,1790077599
mf,"learning_rate=0.01,n_factors=8,regularisation=0.1",val,popularity_percentile,5.0,0.9219829462562944,864,0,20260903,20260922T171255,1790077599
mf,"learning_rate=0.01,n_factors=8,regularisation=0.1",val,gini,5.0,0.9870032333921223,864,0,20260903,20260922T171255,1790077599
mf,"learning_rate=0.01,n_factors=8,regularisation=0.1",val,precision_at_k,10.0,0.0275462962962963,864,0,20260903,20260922T171255,1790077599
mf,"learning_rate=0.01,n_factors=8,regularisation=0.1",val,recall_at_k,10.0,0.048227148532569195,864,0,20260903,20260922T171255,1790077599
mf,"learning_rate=0.01,n_factors=8,regularisation=0.1",val,coverage,10.0,0.11428571428571428,864,0,20260903,20260922T171255,1790077599
mf,"learning_rate=0.01,n_factors=8,regularisation=0.1",val,mean_popularity,10.0,183.53078703703704,864,0,20260903,20260922T171255,1790077599
mf,"learning_rate=0.01,n_factors=8,regularisation=0.1",val,popularity_percentile,10.0,0.9148748911713492,864,0,20260903,20260922T171255,1790077599
mf,"learning_rate=0.01,n_factors=8,regularisation=0.1",val,gini,10.0,0.9789196061140506,864,0,20260903,20260922T171255,1790077599
mf,"learning_rate=0.01,n_factors=8,regularisation=0.1",val,precision_at_k,20.0,0.025810185185185186,864,0,20260903,20260922T171255,1790077599
mf,"learning_rate=0.01,n_factors=8,regularisation=0.1",val,recall_at_k,20.0,0.08636138718810021,864,0,20260903,20260922T171255,1790077599
mf,"learning_rate=0.01,n_factors=8,regularisation=0.1",val,coverage,20.0,0.17142857142857143,864,0,20260903,20260922T171255,1790077599
mf,"learning_rate=0.01,n_factors=8,regularisation=0.1",val,mean_popularity,20.0,169.91122685185186,864,0,20260903,20260922T171255,1790077599
mf,"learning_rate=0.01,n_factors=8,regularisation=0.1",val,popularity_percentile,20.0,0.9000126476540072,864,0,20260903,20260922T171255,1790077599
mf,"learning_rate=0.01,n_factors=8,regularisation=0.1",val,gini,20.0,0.9648860964138742,864,0,20260903,20260922T171255,1790077599
mf,"learning_rate=0.005,n_factors=16,regularisation=0.005",val,rmse,,0.9805747021637876,943,9988,20260903,20260922T171255,1790077622
mf,"learning_rate=0.005,n_factors=16,regularisation=0.005",val,mae,,0.776228300435727,943,9988,20260903,20260922T171255,1790077622
mf,"learning_rate=0.005,n_factors=16,regularisation=0.005",val,precision_at_k,5.0,0.033796296296296297,864,0,20260903,20260922T171255,1790077622
mf,"learning_rate=0.005,n_factors=16,regularisation=0.005",val,recall_at_k,5.0,0.02823399861940273,864,0,20260903,20260922T171255,1790077622
mf,"learning_rate=0.005,n_factors=16,regularisation=0.005",val,coverage,5.0,0.10031746031746032,864,0,20260903,20260922T171255,1790077622
mf,"learning_rate=0.005,n_factors=16,regularisation=0.005",val,mean_popularity,5.0,203.0511574074074,864,0,20260903,20260922T171255,1790077622
mf,"learning_rate=0.005,n_factors=16,regularisation=0.005",val,popularity_percentile,5.0,0.929592863193562,864,0,20260903,20260922T171255,1790077622
mf,"learning_rate=0.005,n_factors=16,regularisation=0.005",val,gini,5.0,0.9790117577895355,864,0,20260903,20260922T171255,1790077622
mf,"learning_rate=0.005,n_factors=16,regularisation=0.005",val,precision_at_k,10.0,0.029513888888888888,864,0,20260903,20260922T171255,1790077622
mf,"learning_rate=0.005,n_factors=16,regularisation=0.005",val,recall_at_k,10.0,0.05032255323931831,864,0,20260903,20260922T171255,1790077622
mf,"learning_rate=0.005,n_factors=16,regularisation=0.005",val,coverage,10.0,0.14095238095238094,864,0,20260903,20260922T171255,1790077622
mf,"learning_rate=0.005,n_factors=16,regularisation=0.005",val,mean_popularity,10.0,191.53368055555555,864,0,20260903,20260922T171255,1790077622
mf,"learning_rate=0.005,n_factors=16,regularisation=0.005",val,popularity_percentile,10.0,0.922680699679985,864,0,20260903,20260922T171255,1790077622
mf,"learning_rate=0.005,n_factors=16,regularisation=0.005",val,gini,10.0,0.9703530276308054,864,0,20260903,20260922T171255,1790077622
mf,"learning_rate=0.005,n_factors=16,regularisation=0.005",val,precision_at_k,20.0,0.02650462962962963,864,0,20260903,20260922T171255,1790077622
mf,"learning_rate=0.005,n_factors=16,regularisation=0.005",val,recall_at_k,20.0,0.09000491548173482,864,0,20260903,20260922T171255,1790077622
mf,"learning_rate=0.005,n_factors=16,regularisation=0.005",val,coverage,20.0,0.19682539682539682,864,0,20260903,20260922T171255,1790077622
mf,"learning_rate=0.005,n_factors=16,regularisation=0.005",val,mean_popularity,20.0,175.45752314814814,864,0,20260903,20260922T171255,1790077622
mf,"learning_rate=0.005,n_factors=16,regularisation=0.005",val,popularity_percentile,20.0,0.9090314911878207,864,0,20260903,20260922T171255,1790077622
mf,"learning_rate=0.005,n_factors=16,regularisation=0.005",val,gini,20.0,0.9565316725455615,864,0,20260903,20260922T171255,1790077622
mf,"learning_rate=0.01,n_factors=16,regularisation=0.005",val,rmse,,0.980176704332695,943,9988,20260903,20260922T171255,1790077635
mf,"learning_rate=0.01,n_factors=16,regularisation=0.005",val,mae,,0.7765183906099723,943,9988,20260903,20260922T171255,1790077635
mf,"learning_rate=0.01,n_factors=16,regularisation=0.005",val,precision_at_k,5.0,0.031018518518518525,864,0,20260903,20260922T171255,1790077635
mf,"learning_rate=0.01,n_factors=16,regularisation=0.005",val,recall_at_k,5.0,0.023868342734649623,864,0,20260903,20260922T171255,1790077635
mf,"learning_rate=0.01,n_factors=16,regularisation=0.005",val,coverage,5.0,0.08253968253968254,864,0,20260903,20260922T171255,1790077635
mf,"learning_rate=0.01,n_factors=16,regularisation=0.005",val,mean_popularity,5.0,198.68634259259258,864,0,20260903,20260922T171255,1790077635
mf,"learning_rate=0.01,n_factors=16,regularisation=0.005",val,popularity_percentile,5.0,0.9279696985740506,864,0,20260903,20260922T171255,1790077635
mf,"learning_rate=0.01,n_factors=16,regularisation=0.005",val,gini,5.0,0.9827536743092299,864,0,20260903,20260922T171255,1790077635
mf,"learning_rate=0.01,n_factors=16,regularisation=0.005",val,precision_at_k,10.0,0.02928240740740741,864,0,20260903,20260922T171255,1790077635
mf,"learning_rate=0.01,n_factors=16,regularisation=0.005",val,recall_at_k,10.0,0.04915060457901986,864,0,20260903,20260922T171255,1790077635
mf,"learning_rate=0.01,n_factors=16,regularisation=0.005",val,coverage,10.0,0.1219047619047619,864,0,20260903,20260922T171255,1790077635
mf,"learning_rate=0.01,n_factors=16,regularisation=0.005",val,mean_popularity,10.0,189.8775462962963,864,0,20260903,20260922T171255,1790077635
mf,"learning_rate=0.01,n_factors=16,regularisation=0.005",val,popularity_percentile,10.0,0.9217469792696127,864,0,20260903,20260922T171255,1790077635
mf,"learning_rate=0.01,n_factors=16,regularisation=0.005",val,gini,10.0,0.9744729570840682,864,0,20260903,20260922T171255,1790077635
mf,"learning_rate=0.01,n_factors=16,regularisation=0.005",val,precision_at_k,20.0,0.025752314814814815,864,0,20260903,20260922T171255,1790077635
mf,"learning_rate=0.01,n_factors=16,regularisation=0.005",val,recall_at_k,20.0,0.08784820929477068,864,0,20260903,20260922T171255,1790077635
mf,"learning_rate=0.01,n_factors=16,regularisation=0.005",val,coverage,20.0,0.1726984126984127,864,0,20260903,20260922T171255,1790077635
mf,"learning_rate=0.01,n_factors=16,regularisation=0.005",val,mean_popularity,20.0,174.30162037037036,864,0,20260903,20260922T171255,1790077635
mf,"learning_rate=0.01,n_factors=16,regularisation=0.005",val,popularity_percentile,20.0,0.9089550905336722,864,0,20260903,20260922T171255,1790077635
mf,"learning_rate=0.01,n_factors=16,regularisation=0.005",val,gini,20.0,0.9624294532627866,864,0,20260903,20260922T171255,1790077635
mf,"learning_rate=0.005,n_factors=16,regularisation=0.02",val,rmse,,0.9755210062592943,943,9988,20260903,20260922T171255,1790077662
mf,"learning_rate=0.005,n_factors=16,regularisation=0.02",val,mae,,0.772440942684255,943,9988,20260903,20260922T171255,1790077662
mf,"learning_rate=0.005,n_factors=16,regularisation=0.02",val,precision_at_k,5.0,0.03425925925925926,864,0,20260903,20260922T171255,1790077662
mf,"learning_rate=0.005,n_factors=16,regularisation=0.02",val,recall_at_k,5.0,0.026892416461848354,864,0,20260903,20260922T171255,1790077662
mf,"learning_rate=0.005,n_factors=16,regularisation=0.02",val,coverage,5.0,0.09714285714285714,864,0,20260903,20260922T171255,1790077662
mf,"learning_rate=0.005,n_factors=16,regularisation=0.02",val,mean_popularity,5.0,197.21412037037038,864,0,20260903,20260922T171255,1790077662
mf,"learning_rate=0.005,n_factors=16,regularisation=0.02",val,popularity_percentile,5.0,0.9287744423266977,864,0,20260903,20260922T171255,1790077662
mf,"learning_rate=0.005,n_factors=16,regularisation=0.02",val,gini,5.0,0.9798292181069959,864,0,20260903,20260922T171255,1790077662
mf,"learning_rate=0.005,n_factors=16,regularisation=0.02",val,precision_at_k,10.0,0.030555555555555558,864,0,20260903,20260922T171255,1790077662
mf,"learning_rate=0.005,n_factors=16,regularisation=0.02",val,recall_at_k,10.0,0.049552585344894186,864,0,20260903,20260922T171255,1790077662
mf,"learning_rate=0.005,n_factors=16,regularisation=0.02",val,coverage,10.0,0.1403174603174603,864,0,20260903,20260922T171255,1790077662
mf,"learning_rate=0.005,n_factors=16,regularisation=0.02",val,mean_popularity,10.0,186.61967592592592,864,0,20260903,20260922T171255,1790077662
mf,"learning_rate=0.005,n_factors=16,regularisation=0.02",val,popularity_percentile,10.0,0.9212381317944373,864,0,20260903,20260922T171255,1790077662
mf,"learning_rate=0.005,n_factors=16,regularisation=0.02",val,gini,10.0,0.9712392710170488,864,0,20260903,20260922T171255,1790077662
mf,"learning_rate=0.005,n_factors=16,regularisation=0.02",val,precision_at_k,20.0,0.026909722222222224,864,0,20260903,20260922T171255,1790077662
mf,"learning_rate=0.005,n_factors=16,regularisation=0.02",val,recall_at_k,20.0,0.08938458120109065,864,0,20260903,20260922T171255,1790077662
mf,"learning_rate=0.005,n_factors=16,regularisation=0.02",val,coverage,20.0,0.19555555555555557,864,0,20260903,20260922T171255,1790077662
mf,"learning_rate=0.005,n_factors=16,regularisation=0.02",val,mean_popularity,20.0,172.97152777777777,864,0,20260903,20260922T171255,1790077662
mf,"learning_rate=0.005,n_factors=16,regularisation=0.02",val,popularity_percentile,20.0,0.9077477175396489,864,0,20260903,20260922T171255,1790077662
mf,"learning_rate=0.005,n_factors=16,regularisation=0.02",val,gini,20.0,0.9569343033509701,864,0,20260903,20260922T171255,1790077662
mf,"learning_rate=0.01,n_factors=16,regularisation=0.02",val,rmse,,0.9754716525814536,943,9988,20260903,20260922T171255,1790077677
mf,"learning_rate=0.01,n_factors=16,regularisation=0.02",val,mae,,0.7721420008177826,943,9988,20260903,20260922T171255,1790077677
mf,"learning_rate=0.01,n_factors=16,regularisation=0.02",val,precision_at_k,5.0,0.03634259259259259,864,0,20260903,20260922T171255,1790077677
mf,"learning_rate=0.01,n_factors=16,regularisation=0.02",val,recall_at_k,5.0,0.029953045390532833,864,0,20260903,20260922T171255,1790077677
mf,"learning_rate=0.01,n_factors=16,regularisation=0.02",val,coverage,5.0,0.09523809523809523,864,0,20260903,20260922T171255,1790077677
mf,"learning_rate=0.01,n_factors=16,regularisation=0.02",val,mean_popularity,5.0,197.27662037037038,864,0,20260903,20260922T171255,1790077677
mf,"learning_rate=0.01,n_factors=16,regularisation=0.02",val,popularity_percentile,5.0,0.9267700832980376,864,0,20260903,20260922T171255,1790077677
mf,"learning_rate=0.01,n_factors=16,regularisation=0.02",val,gini,5.0,0.9797278071722516,864,0,20260903,20260922T171255,1790077677
mf,"learning_rate=0.01,n_factors=16,regularisation=0.02",val,precision_at_k,10.0,0.03136574074074074,864,0,20260903,20260922T171255,1790077677
mf,"learning_rate=0.01,n_factors=16,regularisation=0.02",val,recall_at_k,10.0,0.05088999215105098,864,0,20260903,20260922T171255,1790077677
mf,"learning_rate=0.01,n_factors=16,regularisation=0.02",val,coverage,10.0,0.13904761904761906,864,0,20260903,20260922T171255,1790077677
mf,"learning_rate=0.01,n_factors=16,regularisation=0.02",val,mean_popularity,10.0,187.12002314814814,864,0,20260903,20260922T171255,1790077677
mf,"learning_rate=0.01,n_factors=16,regularisation=0.02",val,popularity_percentile,10.0,0.919830492023154,864,0,20260903,20260922T171255,1790077677
mf,"learning_rate=0.01,n_factors=16,regularisation=0.02",val,gini,10.0,0.971452380952381,864,0,20260903,20260922T171255,1790077677
mf,"learning_rate=0.01,n_factors=16,regularisation=0.02",val,precision_at_k,20.0,0.027025462962962963,864,0,20260903,20260922T171255,1790077677
mf,"learning_rate=0.01,n_factors=16,regularisation=0.02",val,recall_at_k,20.0,0.0904334080601027,864,0,20260903,20260922T171255,1790077677
mf,"learning_rate=0.01,n_factors=16,regularisation=0.02",val,coverage,20.0,0.18857142857142858,864,0,20260903,20260922T171255,1790077677
mf,"learning_rate=0.01,n_factors=16,regularisation=0.02",val,mean_popularity,20.0,173.30260416666667,864,0,20260903,20260922T171255,1790077677
mf,"learning_rate=0.01,n_factors=16,regularisation=0.02",val,popularity_percentile,20.0,0.90717607299167,864,0,20260903,20260922T171255,1790077677
mf,"learning_rate=0.01,n_factors=16,regularisation=0.02",val,gini,20.0,0.9577205320399765,864,0,20260903,20260922T171255,1790077677
mf,"learning_rate=0.005,n_factors=16,regularisation=0.05",val,rmse,,0.9666811279199955,943,9988,20260903,20260922T171255,1790077713
mf,"learning_rate=0.005,n_factors=16,regularisation=0.05",val,mae,,0.7654909042396782,943,9988,20260903,20260922T171255,1790077713
mf,"learning_rate=0.005,n_factors=16,regularisation=0.05",val,precision_at_k,5.0,0.03657407407407408,864,0,20260903,20260922T171255,1790077713
mf,"learning_rate=0.005,n_factors=16,regularisation=0.05",val,recall_at_k,5.0,0.028642496595217563,864,0,20260903,20260922T171255,1790077713
mf,"learning_rate=0.005,n_factors=16,regularisation=0.05",val,coverage,5.0,0.09206349206349207,864,0,20260903,20260922T171255,1790077713
mf,"learning_rate=0.005,n_factors=16,regularisation=0.05",val,mean_popularity,5.0,196.21851851851852,864,0,20260903,20260922T171255,1790077713
mf,"learning_rate=0.005,n_factors=16,regularisation=0.05",val,popularity_percentile,5.0,0.9271292178455457,864,0,20260903,20260922T171255,1790077713
mf,"learning_rate=0.005,n_factors=16,regularisation=0.05",val,gini,5.0,0.9825388007054674,864,0,20260903,20260922T171255,1790077713
mf,"learning_rate=0.005,n_factors=16,regularisation=0.05",val,precision_at_k,10.0,0.03043981481481482,864,0,20260903,20260922T171255,1790077713
mf,"learning_rate=0.005,n_factors=16,regularisation=0.05",val,recall_at_k,10.0,0.0507961285827525,864,0,20260903,20260922T171255,1790077713
mf,"learning_rate=0.005,n_factors=16,regularisation=0.05",val,coverage,10.0,0.13968253968253969,864,0,20260903,20260922T171255,1790077713
mf,"learning_rate=0.005,n_factors=16,regularisation=0.05",val,mean_popularity,10.0,187.73796296296297,864,0,20260903,20260922T171255,1790077713
mf,"learning_rate=0.005,n_factors=16,regularisation=0.05",val,popularity_percentile,10.0,0.91995777742482,864,0,20260903,20260922T171255,1790077713
mf,"learning_rate=0.005,n_factors=16,regularisation=0.05",val,gini,10.0,0.9731052322163434,864,0,20260903,20260922T171255,1790077713
mf,"learning_rate=0.005,n_factors=16,regularisation=0.05",val,precision_at_k,20.0,0.027719907407407405,864,0,20260903,20260922T171255,1790077713
mf,"learning_rate=0.005,n_factors=16,regularisation=0.05",val,recall_at_k,20.0,0.09319411421959893,864,0,20260903,20260922T171255,1790077713
mf,"learning_rate=0.005,n_factors=16,regularisation=0.05",val,coverage,20.0,0.19238095238095237,864,0,20260903,20260922T171255,1790077713
mf,"learning_rate=0.005,n_factors=16,regularisation=0.05",val,mean_popularity,20.0,173.0505787037037,864,0,20260903,20260922T171255,1790077713
mf,"learning_rate=0.005,n_factors=16,regularisation=0.05",val,popularity_percentile,20.0,0.9065017397877547,864,0,20260903,20260922T171255,1790077713
mf,"learning_rate=0.005,n_factors=16,regularisation=0.05",val,gini,20.0,0.9584231334509112,864,0,20260903,20260922T171255,1790077713
mf,"learning_rate=0.01,n_factors=16,regularisation=0.05",val,rmse,,0.9662752203318818,943,9988,20260903,20260922T171255,1790077734
mf,"learning_rate=0.01,n_factors=16,regularisation=0.05",val,mae,,0.7647814318731956,943,9988,20260903,20260922T171255,1790077734
mf,"learning_rate=0.01,n_factors=16,regularisation=0.05",val,precision_at_k,5.0,0.03634259259259259,864,0,20260903,20260922T171255,1790077734
mf,"learning_rate=0.01,n_factors=16,regularisation=0.05",val,recall_at_k,5.0,0.0290755640421739,864,0,20260903,20260922T171255,1790077734
mf,"learning_rate=0.01,n_factors=16,regularisation=0.05",val,coverage,5.0,0.10476190476190476,864,0,20260903,20260922T171255,1790077734
mf,"learning_rate=0.01,n_factors=16,regularisation=0.05",val,mean_popularity,5.0,196.39467592592592,864,0,20260903,20260922T171255,1790077734
mf,"learning_rate=0.01,n_factors=16,regularisation=0.05",val,popularity_percentile,5.0,0.9258073909360441,864,0,20260903,20260922T171255,1790077734
mf,"learning_rate=0.01,n_factors=16,regularisation=0.05",val,gini,5.0,0.979466784244562,864,0,20260903,20260922T171255,1790077734
mf,"learning_rate=0.01,n_factors=16,regularisation=0.05",val,precision_at_k,10.0,0.03194444444444445,864,0,20260903,20260922T171255,1790077734
mf,"learning_rate=0.01,n_factors=16,regularisation=0.05",val,recall_at_k,10.0,0.055318631104049755,864,0,20260903,20260922T171255,1790077734
mf,"learning_rate=0.01,n_factors=16,regularisation=0.05",val,coverage,10.0,0.14857142857142858,864,0,20260903,20260922T171255,1790077734
mf,"learning_rate=0.01,n_factors=16,regularisation=0.05",val,mean_popularity,10.0,186.584375,864,0,20260903,20260922T171255,1790077734
mf,"learning_rate=0.01,n_factors=16,regularisation=0.05",val,popularity_percentile,10.0,0.9184214551273001,864,0,20260903,20260922T171255,1790077734
mf,"learning_rate=0.01,n_factors=16,regularisation=0.05",val,gini,10.0,0.9701516754850088,864,0,20260903,20260922T171255,1790077734
mf,"learning_rate=0.01,n_factors=16,regularisation=0.05",val,precision_at_k,20.0,0.027025462962962963,864,0,20260903,20260922T171255,1790077734
mf,"learning_rate=0.01,n_factors=16,regularisation=0.05",val,recall_at_k,20.0,0.09050274513230744,864,0,20260903,20260922T171255,1790077734
mf,"learning_rate=0.01,n_factors=16,regularisation=0.05",val,coverage,20.0,0.206984126984127,864,0,20260903,20260922T171255,1790077734
mf,"learning_rate=0.01,n_factors=16,regularisation=0.05",val,mean_popularity,20.0,171.5712384259259,864,0,20260903,20260922T171255,1790077734
mf,"learning_rate=0.01,n_factors=16,regularisation=0.05",val,popularity_percentile,20.0,0.9043626317709069,864,0,20260903,20260922T171255,1790077734
mf,"learning_rate=0.01,n_factors=16,regularisation=0.05",val,gini,20.0,0.9545141828336273,864,0,20260903,20260922T171255,1790077734
mf,"learning_rate=0.005,n_factors=16,regularisation=0.1",val,rmse,,0.9625890071396512,943,9988,20260903,20260922T171255,1790077778
mf,"learning_rate=0.005,n_factors=16,regularisation=0.1",val,mae,,0.7625010177070458,943,9988,20260903,20260922T171255,1790077778
mf,"learning_rate=0.005,n_factors=16,regularisation=0.1",val,precision_at_k,5.0,0.029398148148148145,864,0,20260903,20260922T171255,1790077778
mf,"learning_rate=0.005,n_factors=16,regularisation=0.1",val,recall_at_k,5.0,0.02249275171322707,864,0,20260903,20260922T171255,1790077778
mf,"learning_rate=0.005,n_factors=16,regularisation=0.1",val,coverage,5.0,0.054603174603174605,864,0,20260903,20260922T171255,1790077778
mf,"learning_rate=0.005,n_factors=16,regularisation=0.1",val,mean_popularity,5.0,187.4071759259259,864,0,20260903,20260922T171255,1790077778
mf,"learning_rate=0.005,n_factors=16,regularisation=0.1",val,popularity_percentile,5.0,0.9238714174784695,864,0,20260903,20260922T171255,1790077778
mf,"learning_rate=0.005,n_factors=16,regularisation=0.1",val,gini,5.0,0.990547619047619,864,0,20260903,20260922T171255,1790077778
mf,"learning_rate=0.005,n_factors=16,regularisation=0.1",val,precision_at_k,10.0,0.028703703703703703,864,0,20260903,20260922T171255,1790077778
mf,"learning_rate=0.005,n_factors=16,regularisation=0.1",val,recall_at_k,10.0,0.04806770881411296,864,0,20260903,20260922T171255,1790077778
mf,"learning_rate=0.005,n_factors=16,regularisation=0.1",val,coverage,10.0,0.08063492063492063,864,0,20260903,20260922T171255,1790077778
mf,"learning_rate=0.005,n_factors=16,regularisation=0.1",val,mean_popularity,10.0,186.86111111111111,864,0,20260903,20260922T171255,1790077778
mf,"learning_rate=0.005,n_factors=16,regularisation=0.1",val,popularity_percentile,10.0,0.9211942326697727,864,0,20260903,20260922T171255,1790077778
mf,"learning_rate=0.005,n_factors=16,regularisation=0.1",val,gini,10.0,0.983701646090535,864,0,20260903,20260922T171255,1790077778
mf,"learning_rate=0.005,n_factors=16,regularisation=0.1",val,precision_at_k,20.0,0.02546296296296296,864,0,20260903,20260922T171255,1790077778
mf,"learning_rate=0.005,n_factors=16,regularisation=0.1",val,recall_at_k,20.0,0.08613598235682754,864,0,20260903,20260922T171255,1790077778
mf,"learning_rate=0.005,n_factors=16,regularisation=0.1",val,coverage,20.0,0.13206349206349208,864,0,20260903,20260922T171255,1790077778
mf,"learning_rate=0.005,n_factors=16,regularisation=0.1",val,mean_popularity,20.0,172.92604166666666,864,0,20260903,20260922T171255,1790077778
mf,"learning_rate=0.005,n_factors=16,regularisation=0.1",val,popularity_percentile,20.0,0.908199871170408,864,0,20260903,20260922T171255,1790077778
mf,"learning_rate=0.005,n_factors=16,regularisation=0.1",val,gini,20.0,0.9720426219870665,864,0,20260903,20260922T171255,1790077778
mf,"learning_rate=0.01,n_factors=16,regularisation=0.1",val,rmse,,0.9611029459774431,943,9988,20260903,20260922T171255,1790077810
mf,"learning_rate=0.01,n_factors=16,regularisation=0.1",val,mae,,0.7607205949783868,943,9988,20260903,20260922T171255,1790077810
mf,"learning_rate=0.01,n_factors=16,regularisation=0.1",val,precision_at_k,5.0,0.03425925925925926,864,0,20260903,20260922T171255,1790077810
mf,"learning_rate=0.01,n_factors=16,regularisation=0.1",val,recall_at_k,5.0,0.029529399603195453,864,0,20260903,20260922T171255,1790077810
mf,"learning_rate=0.01,n_factors=16,regularisation=0.1",val,coverage,5.0,0.07809523809523809,864,0,20260903,20260922T171255,1790077810
mf,"learning_rate=0.01,n_factors=16,regularisation=0.1",val,mean_popularity,5.0,198.85486111111112,864,0,20260903,20260922T171255,1790077810
mf,"learning_rate=0.01,n_factors=16,regularisation=0.1",val,popularity_percentile,5.0,0.9245063002964845,864,0,20260903,20260922T171255,1790077810
mf,"learning_rate=0.01,n_factors=16,regularisation=0.1",val,gini,5.0,0.9870097001763668,864,0,20260903,20260922T171255,1790077810
mf,"learning_rate=0.01,n_factors=16,regularisation=0.1",val,precision_at_k,10.0,0.028819444444444443,864,0,20260903,20260922T171255,1790077810
mf,"learning_rate=0.01,n_factors=16,regularisation=0.1",val,recall_at_k,10.0,0.04816011311092547,864,0,20260903,20260922T171255,1790077810
mf,"learning_rate=0.01,n_factors=16,regularisation=0.1",val,coverage,10.0,0.11238095238095239,864,0,20260903,20260922T171255,1790077810
mf,"learning_rate=0.01,n_factors=16,regularisation=0.1",val,mean_popularity,10.0,187.83159722222223,864,0,20260903,20260922T171255,1790077810
mf,"learning_rate=0.01,n_factors=16,regularisation=0.1",val,popularity_percentile,10.0,0.916950282954492,864,0,20260903,20260922T171255,1790077810
mf,"learning_rate=0.01,n_factors=16,regularisation=0.1",val,gini,10.0,0.9788274544385656,864,0,20260903,20260922T171255,1790077810
mf,"learning_rate=0.01,n_factors=16,regularisation=0.1",val,precision_at_k,20.0,0.025578703703703704,864,0,20260903,20260922T171255,1790077810
mf,"learning_rate=0.01,n_factors=16,regularisation=0.1",val,recall_at_k,20.0,0.08522720279187593,864,0,20260903,20260922T171255,1790077810
mf,"learning_rate=0.01,n_factors=16,regularisation=0.1",val,coverage,20.0,0.17396825396825397,864,0,20260903,20260922T171255,1790077810
mf,"learning_rate=0.01,n_factors=16,regularisation=0.1",val,mean_popularity,20.0,171.1782986111111,864,0,20260903,20260922T171255,1790077810
mf,"learning_rate=0.01,n_factors=16,regularisation=0.1",val,popularity_percentile,20.0,0.9022244061485247,864,0,20260903,20260922T171255,1790077810
mf,"learning_rate=0.01,n_factors=16,regularisation=0.1",val,gini,20.0,0.9643143004115227,864,0,20260903,20260922T171255,1790077810
mf,"learning_rate=0.005,n_factors=32,regularisation=0.005",val,rmse,,0.9853115000578511,943,9988,20260903,20260922T171255,1790077830
mf,"learning_rate=0.005,n_factors=32,regularisation=0.005",val,mae,,0.7789292554175772,943,9988,20260903,20260922T171255,1790077830
mf,"learning_rate=0.005,n_factors=32,regularisation=0.005",val,precision_at_k,5.0,0.03009259259259259,864,0,20260903,20260922T171255,1790077830
mf,"learning_rate=0.005,n_factors=32,regularisation=0.005",val,recall_at_k,5.0,0.02183297026585356,864,0,20260903,20260922T171255,1790077830
mf,"learning_rate=0.005,n_factors=32,regularisation=0.005",val,coverage,5.0,0.09968253968253968,864,0,20260903,20260922T171255,1790077830
mf,"learning_rate=0.005,n_factors=32,regularisation=0.005",val,mean_popularity,5.0,197.8215277777778,864,0,20260903,20260922T171255,1790077830
mf,"learning_rate=0.005,n_factors=32,regularisation=0.005",val,popularity_percentile,5.0,0.9304418737352346,864,0,20260903,20260922T171255,1790077830
mf,"learning_rate=0.005,n_factors=32,regularisation=0.005",val,gini,5.0,0.9800176366843033,864,0,20260903,20260922T171255,1790077830
mf,"learning_rate=0.005,n_factors=32,regularisation=0.005",val,precision_at_k,10.0,0.027777777777777776,864,0,20260903,20260922T171255,1790077830
mf,"learning_rate=0.005,n_factors=32,regularisation=0.005",val,recall_at_k,10.0,0.04417053186944048,864,0,20260903,20260922T171255,1790077830
mf,"learning_rate=0.005,n_factors=32,regularisation=0.005",val,coverage,10.0,0.14285714285714285,864,0,20260903,20260922T171255,1790077830
mf,"learning_rate=0.005,n_factors=32,regularisation=0.005",val,mean_popularity,10.0,186.44965277777777,864,0,20260903,20260922T171255,1790077830
mf,"learning_rate=0.005,n_factors=32,regularisation=0.005",val,popularity_percentile,10.0,0.9208317891430184,864,0,20260903,20260922T171255,1790077830
mf,"learning_rate=0.005,n_factors=32,regularisation=0.005",val,gini,10.0,0.970931216931217,864,0,20260903,20260922T171255,1790077830
mf,"learning_rate=0.005,n_factors=32,regularisation=0.005",val,precision_at_k,20.0,0.024189814814814817,864,0,20260903,20260922T171255,1790077830
mf,"learning_rate=0.005,n_factors=32,regularisation=0.005",val,recall_at_k,20.0,0.07689683768615845,864,0,20260903,20260922T171255,1790077830
mf,"learning_rate=0.005,n_factors=32,regularisation=0.005",val,coverage,20.0,0.19746031746031745,864,0,20260903,20260922T171255,1790077830
mf,"learning_rate=0.005,n_factors=32,regularisation=0.005",val,mean_popularity,20.0,171.38888888888889,864,0,20260903,20260922T171255,1790077830
mf,"learning_rate=0.005,n_factors=32,regularisation=0.005",val,popularity_percentile,20.0,0.9053500679443738,864,0,20260903,20260922T171255,1790077830
mf,"learning_rate=0.005,n_factors=32,regularisation=0.005",val,gini,20.0,0.9564922104644327,864,0,20260903,20260922T171255,1790077830
mf,"learning_rate=0.01,n_factors=32,regularisation=0.005",val,rmse,,0.9845538682787389,943,9988,20260903,20260922T171255,1790077843
mf,"learning_rate=0.01,n_factors=32,regularisation=0.005",val,mae,,0.7779980130279184,943,9988,20260903,20260922T171255,1790077843
mf,"learning_rate=0.01,n_factors=32,regularisation=0.005",val,precision_at_k,5.0,0.03287037037037037,864,0,20260903,20260922T171255,1790077843
mf,"learning_rate=0.01,n_factors=32,regularisation=0.005",val,recall_at_k,5.0,0.026609607594574224,864,0,20260903,20260922T171255,1790077843
mf,"learning_rate=0.01,n_factors=32,regularisation=0.005",val,coverage,5.0,0.09714285714285714,864,0,20260903,20260922T171255,1790077843
mf,"learning_rate=0.01,n_factors=32,regularisation=0.005",val,mean_popularity,5.0,205.33194444444445,864,0,20260903,20260922T171255,1790077843
mf,"learning_rate=0.01,n_factors=32,regularisation=0.005",val,popularity_percentile,5.0,0.9334720163301802,864,0,20260903,20260922T171255,1790077843
mf,"learning_rate=0.01,n_factors=32,regularisation=0.005",val,gini,5.0,0.9807307466196356,864,0,20260903,20260922T171255,1790077843
mf,"learning_rate=0.01,n_factors=32,regularisation=0.005",val,precision_at_k,10.0,0.028935185185185185,864,0,20260903,20260922T171255,1790077843
mf,"learning_rate=0.01,n_factors=32,regularisation=0.005",val,recall_at_k,10.0,0.048279200707641474,864,0,20260903,20260922T171255,1790077843
mf,"learning_rate=0.01,n_factors=32,regularisation=0.005",val,coverage,10.0,0.14222222222222222,864,0,20260903,20260922T171255,1790077843
mf,"learning_rate=0.01,n_factors=32,regularisation=0.005",val,mean_popularity,10.0,190.33969907407408,864,0,20260903,20260922T171255,1790077843
mf,"learning_rate=0.01,n_factors=32,regularisation=0.005",val,popularity_percentile,10.0,0.9229227698950538,864,0,20260903,20260922T171255,1790077843
mf,"learning_rate=0.01,n_factors=32,regularisation=0.005",val,gini,10.0,0.9717079659024104,864,0,20260903,20260922T171255,1790077843
mf,"learning_rate=0.01,n_factors=32,regularisation=0.005",val,precision_at_k,20.0,0.02459490740740741,864,0,20260903,20260922T171255,1790077843
mf,"learning_rate=0.01,n_factors=32,regularisation=0.005",val,recall_at_k,20.0,0.07895274479277826,864,0,20260903,20260922T171255,1790077843
mf,"learning_rate=0.01,n_factors=32,regularisation=0.005",val,coverage,20.0,0.19365079365079366,864,0,20260903,20260922T171255,1790077843
mf,"learning_rate=0.01,n_factors=32,regularisation=0.005",val,mean_popularity,20.0,173.48854166666666,864,0,20260903,20260922T171255,1790077843
mf,"learning_rate=0.01,n_factors=32,regularisation=0.005",val,popularity_percentile,20.0,0.9067014550684738,864,0,20260903,20260922T171255,1790077843
mf,"learning_rate=0.01,n_factors=32,regularisation=0.005",val,gini,20.0,0.957884847148736,864,0,20260903,20260922T171255,1790077843
mf,"learning_rate=0.005,n_factors=32,regularisation=0.02",val,rmse,,0.9791176706092614,943,9988,20260903,20260922T171255,1790077866
mf,"learning_rate=0.005,n_factors=32,regularisation=0.02",val,mae,,0.7737117390945338,943,9988,20260903,20260922T171255,1790077866
mf,"learning_rate=0.005,n_factors=32,regularisation=0.02",val,precision_at_k,5.0,0.033101851851851855,864,0,20260903,20260922T171255,1790077866
mf,"learning_rate=0.005,n_factors=32,regularisation=0.02",val,recall_at_k,5.0,0.023562859032779365,864,0,20260903,20260922T171255,1790077866
mf,"learning_rate=0.005,n_factors=32,regularisation=0.02",val,coverage,5.0,0.10095238095238095,864,0,20260903,20260922T171255,1790077866
mf,"learning_rate=0.005,n_factors=32,regularisation=0.02",val,mean_popularity,5.0,199.5875,864,0,20260903,20260922T171255,1790077866
mf,"learning_rate=0.005,n_factors=32,regularisation=0.02",val,popularity_percentile,5.0,0.9300528848416396,864,0,20260903,20260922T171255,1790077866
mf,"learning_rate=0.005,n_factors=32,regularisation=0.02",val,gini,5.0,0.9797965902410347,864,0,20260903,20260922T171255,1790077866
mf,"learning_rate=0.005,n_factors=32,regularisation=0.02",val,precision_at_k,10.0,0.028356481481481483,864,0,20260903,20260922T171255,1790077866
mf,"learning_rate=0.005,n_factors=32,regularisation=0.02",val,recall_at_k,10.0,0.04724379834334818,864,0,20260903,20260922T171255,1790077866
mf,"learning_rate=0.005,n_factors=32,regularisation=0.02",val,coverage,10.0,0.14222222222222222,864,0,20260903,20260922T171255,1790077866
mf,"learning_rate=0.005,n_factors=32,regularisation=0.02",val,mean_popularity,10.0,187.59189814814815,864,0,20260903,20260922T171255,1790077866
mf,"learning_rate=0.005,n_factors=32,regularisation=0.02",val,popularity_percentile,10.0,0.9206929590804274,864,0,20260903,20260922T171255,1790077866
mf,"learning_rate=0.005,n_factors=32,regularisation=0.02",val,gini,10.0,0.9710703997648442,864,0,20260903,20260922T171255,1790077866
mf,"learning_rate=0.005,n_factors=32,regularisation=0.02",val,precision_at_k,20.0,0.025289351851851855,864,0,20260903,20260922T171255,1790077866
mf,"learning_rate=0.005,n_factors=32,regularisation=0.02",val,recall_at_k,20.0,0.08149092410171475,864,0,20260903,20260922T171255,1790077866
mf,"learning_rate=0.005,n_factors=32,regularisation=0.02",val,coverage,20.0,0.19936507936507936,864,0,20260903,20260922T171255,1790077866
mf,"learning_rate=0.005,n_factors=32,regularisation=0.02",val,mean_popularity,20.0,171.30538194444443,864,0,20260903,20260922T171255,1790077866
mf,"learning_rate=0.005,n_factors=32,regularisation=0.02",val,popularity_percentile,20.0,0.904366014283025,864,0,20260903,20260922T171255,1790077866
mf,"learning_rate=0.005,n_factors=32,regularisation=0.02",val,gini,20.0,0.9568111405055849,864,0,20260903,20260922T171255,1790077866
mf,"learning_rate=0.01,n_factors=32,regularisation=0.02",val,rmse,,0.9780166892454673,943,9988,20260903,20260922T171255,1790077881
mf,"learning_rate=0.01,n_factors=32,regularisation=0.02",val,mae,,0.7724695455638075,943,9988,20260903,20260922T171255,1790077881
mf,"learning_rate=0.01,n_factors=32,regularisation=0.02",val,precision_at_k,5.0,0.033796296296296297,864,0,20260903,20260922T171255,1790077881
mf,"learning_rate=0.01,n_factors=32,regularisation=0.02",val,recall_at_k,5.0,0.02389459177191951,864,0,20260903,20260922T171255,1790077881
mf,"learning_rate=0.01,n_factors=32,regularisation=0.02",val,coverage,5.0,0.10603174603174603,864,0,20260903,20260922T171255,1790077881
mf,"learning_rate=0.01,n_factors=32,regularisation=0.02",val,mean_popularity,5.0,203.71319444444444,864,0,20260903,20260922T171255,1790077881
mf,"learning_rate=0.01,n_factors=32,regularisation=0.02",val,popularity_percentile,5.0,0.934312938255918,864,0,20260903,20260922T171255,1790077881
mf,"learning_rate=0.01,n_factors=32,regularisation=0.02",val,gini,5.0,0.9772807172251616,864,0,20260903,20260922T171255,1790077881
mf,"learning_rate=0.01,n_factors=32,regularisation=0.02",val,precision_at_k,10.0,0.03009259259259259,864,0,20260903,20260922T171255,1790077881
mf,"learning_rate=0.01,n_factors=32,regularisation=0.02",val,recall_at_k,10.0,0.05077821248098478,864,0,20260903,20260922T171255,1790077881
mf,"learning_rate=0.01,n_factors=32,regularisation=0.02",val,coverage,10.0,0.15301587301587302,864,0,20260903,20260922T171255,1790077881
mf,"learning_rate=0.01,n_factors=32,regularisation=0.02",val,mean_popularity,10.0,190.2005787037037,864,0,20260903,20260922T171255,1790077881
mf,"learning_rate=0.01,n_factors=32,regularisation=0.02",val,popularity_percentile,10.0,0.9227554090780742,864,0,20260903,20260922T171255,1790077881
mf,"learning_rate=0.01,n_factors=32,regularisation=0.02",val,gini,10.0,0.9675072016460905,864,0,20260903,20260922T171255,1790077881
mf,"learning_rate=0.01,n_factors=32,regularisation=0.02",val,precision_at_k,20.0,0.02534722222222222,864,0,20260903,20260922T171255,1790077881
mf,"learning_rate=0.01,n_factors=32,regularisation=0.02",val,recall_at_k,20.0,0.08351053547973096,864,0,20260903,20260922T171255,1790077881
mf,"learning_rate=0.01,n_factors=32,regularisation=0.02",val,coverage,20.0,0.21523809523809523,864,0,20260903,20260922T171255,1790077881
mf,"learning_rate=0.01,n_factors=32,regularisation=0.02",val,mean_popularity,20.0,172.50005787037037,864,0,20260903,20260922T171255,1790077881
mf,"learning_rate=0.01,n_factors=32,regularisation=0.02",val,popularity_percentile,20.0,0.9048948626994212,864,0,20260903,20260922T171255,1790077881
mf,"learning_rate=0.01,n_factors=32,regularisation=0.02",val,gini,20.0,0.9524312904174015,864,0,20260903,20260922T171255,1790077881
mf,"learning_rate=0.005,n_factors=32,regularisation=0.05",val,rmse,,0.9673814310649169,943,9988,20260903,20260922T171255,1790077917
mf,"learning_rate=0.005,n_factors=32,regularisation=0.05",val,mae,,0.7644542796392748,943,9988,20260903,20260922T171255,1790077917
mf,"learning_rate=0.005,n_factors=32,regularisation=0.05",val,precision_at_k,5.0,0.03495370370370371,864,0,20260903,20260922T171255,1790077917
mf,"learning_rate=0.005,n_factors=32,regularisation=0.05",val,recall_at_k,5.0,0.0256776159001404,864,0,20260903,20260922T171255,1790077917
mf,"learning_rate=0.005,n_factors=32,regularisation=0.05",val,coverage,5.0,0.10158730158730159,864,0,20260903,20260922T171255,1790077917
mf,"learning_rate=0.005,n_factors=32,regularisation=0.05",val,mean_popularity,5.0,197.49675925925925,864,0,20260903,20260922T171255,1790077917
mf,"learning_rate=0.005,n_factors=32,regularisation=0.05",val,popularity_percentile,5.0,0.9293524107016801,864,0,20260903,20260922T171255,1790077917
mf,"learning_rate=0.005,n_factors=32,regularisation=0.05",val,gini,5.0,0.9805896531452087,864,0,20260903,20260922T171255,1790077917
mf,"learning_rate=0.005,n_factors=32,regularisation=0.05",val,precision_at_k,10.0,0.030324074074074076,864,0,20260903,20260922T171255,1790077917
mf,"learning_rate=0.005,n_factors=32,regularisation=0.05",val,recall_at_k,10.0,0.04989726113087007,864,0,20260903,20260922T171255,1790077917
mf,"learning_rate=0.005,n_factors=32,regularisation=0.05",val,coverage,10.0,0.14984126984126983,864,0,20260903,20260922T171255,1790077917
mf,"learning_rate=0.005,n_factors=32,regularisation=0.05",val,mean_popularity,10.0,186.09849537037036,864,0,20260903,20260922T171255,1790077917
mf,"learning_rate=0.005,n_factors=32,regularisation=0.05",val,popularity_percentile,10.0,0.9194155460256953,864,0,20260903,20260922T171255,1790077917
mf,"learning_rate=0.005,n_factors=32,regularisation=0.05",val,gini,10.0,0.9709904467960023,864,0,20260903,20260922T171255,1790077917
mf,"learning_rate=0.005,n_factors=32,regularisation=0.05",val,precision_at_k,20.0,0.025752314814814818,864,0,20260903,20260922T171255,1790077917
mf,"learning_rate=0.005,n_factors=32,regularisation=0.05",val,recall_at_k,20.0,0.08302156725441243,864,0,20260903,20260922T171255,1790077917
mf,"learning_rate=0.005,n_factors=32,regularisation=0.05",val,coverage,20.0,0.20952380952380953,864,0,20260903,20260922T171255,1790077917
mf,"learning_rate=0.005,n_factors=32,regularisation=0.05",val,mean_popularity,20.0,169.1795138888889,864,0,20260903,20260922T171255,1790077917
mf,"learning_rate=0.005,n_factors=32,regularisation=0.05",val,popularity_percentile,20.0,0.9014239273024612,864,0,20260903,20260922T171255,1790077917
mf,"learning_rate=0.005,n_factors=32,regularisation=0.05",val,gini,20.0,0.9561512345679012,864,0,20260903,20260922T171255,1790077917
mf,"learning_rate=0.01,n_factors=32,regularisation=0.05",val,rmse,,0.9671321510201203,943,9988,20260903,20260922T171255,1790077937
mf,"learning_rate=0.01,n_factors=32,regularisation=0.05",val,mae,,0.764424747544496,943,9988,20260903,20260922T171255,1790077937
mf,"learning_rate=0.01,n_factors=32,regularisation=0.05",val,precision_at_k,5.0,0.031712962962962964,864,0,20260903,20260922T171255,1790077937
mf,"learning_rate=0.01,n_factors=32,regularisation=0.05",val,recall_at_k,5.0,0.022742012037087703,864,0,20260903,20260922T171255,1790077937
mf,"learning_rate=0.01,n_factors=32,regularisation=0.05",val,coverage,5.0,0.10984126984126984,864,0,20260903,20260922T171255,1790077937
mf,"learning_rate=0.01,n_factors=32,regularisation=0.05",val,mean_popularity,5.0,195.00671296296295,864,0,20260903,20260922T171255,1790077937
mf,"learning_rate=0.01,n_factors=32,regularisation=0.05",val,popularity_percentile,5.0,0.9287738540637206,864,0,20260903,20260922T171255,1790077937
mf,"learning_rate=0.01,n_factors=32,regularisation=0.05",val,gini,5.0,0.9792254556143445,864,0,20260903,20260922T171255,1790077937
mf,"learning_rate=0.01,n_factors=32,regularisation=0.05",val,precision_at_k,10.0,0.02986111111111111,864,0,20260903,20260922T171255,1790077937
mf,"learning_rate=0.01,n_factors=32,regularisation=0.05",val,recall_at_k,10.0,0.04910488991700241,864,0,20260903,20260922T171255,1790077937
mf,"learning_rate=0.01,n_factors=32,regularisation=0.05",val,coverage,10.0,0.15936507936507938,864,0,20260903,20260922T171255,1790077937
mf,"learning_rate=0.01,n_factors=32,regularisation=0.05",val,mean_popularity,10.0,183.51435185185184,864,0,20260903,20260922T171255,1790077937
mf,"learning_rate=0.01,n_factors=32,regularisation=0.05",val,popularity_percentile,10.0,0.9176989946585721,864,0,20260903,20260922T171255,1790077937
mf,"learning_rate=0.01,n_factors=32,regularisation=0.05",val,gini,10.0,0.9689478248089359,864,0,20260903,20260922T171255,1790077937
mf,"learning_rate=0.01,n_factors=32,regularisation=0.05",val,precision_at_k,20.0,0.026041666666666668,864,0,20260903,20260922T171255,1790077937
mf,"learning_rate=0.01,n_factors=32,regularisation=0.05",val,recall_at_k,20.0,0.08603686450285114,864,0,20260903,20260922T171255,1790077937
mf,"learning_rate=0.01,n_factors=32,regularisation=0.05",val,coverage,20.0,0.2146031746031746,864,0,20260903,20260922T171255,1790077937
mf,"learning_rate=0.01,n_factors=32,regularisation=0.05",val,mean_popularity,20.0,167.89809027777778,864,0,20260903,20260922T171255,1790077937
mf,"learning_rate=0.01,n_factors=32,regularisation=0.05",val,popularity_percentile,20.0,0.9004336601134171,864,0,20260903,20260922T171255,1790077937
mf,"learning_rate=0.01,n_factors=32,regularisation=0.05",val,gini,20.0,0.9535072016460905,864,0,20260903,20260922T171255,1790077937
mf,"learning_rate=0.005,n_factors=32,regularisation=0.1",val,rmse,,0.9600070789419344,943,9988,20260903,20260922T171255,1790077982
mf,"learning_rate=0.005,n_factors=32,regularisation=0.1",val,mae,,0.7596137311465353,943,9988,20260903,20260922T171255,1790077982
mf,"learning_rate=0.005,n_factors=32,regularisation=0.1",val,precision_at_k,5.0,0.031712962962962964,864,0,20260903,20260922T171255,1790077982
mf,"learning_rate=0.005,n_factors=32,regularisation=0.1",val,recall_at_k,5.0,0.02346937237305711,864,0,20260903,20260922T171255,1790077982
mf,"learning_rate=0.005,n_factors=32,regularisation=0.1",val,coverage,5.0,0.06349206349206349,864,0,20260903,20260922T171255,1790077982
mf,"learning_rate=0.005,n_factors=32,regularisation=0.1",val,mean_popularity,5.0,193.21574074074073,864,0,20260903,20260922T171255,1790077982
mf,"learning_rate=0.005,n_factors=32,regularisation=0.1",val,popularity_percentile,5.0,0.9271212762953551,864,0,20260903,20260922T171255,1790077982
mf,"learning_rate=0.005,n_factors=32,regularisation=0.1",val,gini,5.0,0.9889976484420929,864,0,20260903,20260922T171255,1790077982
mf,"learning_rate=0.005,n_factors=32,regularisation=0.1",val,precision_at_k,10.0,0.029861111111111113,864,0,20260903,20260922T171255,1790077982
mf,"learning_rate=0.005,n_factors=32,regularisation=0.1",val,recall_at_k,10.0,0.04896839593794232,864,0,20260903,20260922T171255,1790077982
mf,"learning_rate=0.005,n_factors=32,regularisation=0.1",val,coverage,10.0,0.09587301587301587,864,0,20260903,20260922T171255,1790077982
mf,"learning_rate=0.005,n_factors=32,regularisation=0.1",val,mean_popularity,10.0,187.1650462962963,864,0,20260903,20260922T171255,1790077982
mf,"learning_rate=0.005,n_factors=32,regularisation=0.1",val,popularity_percentile,10.0,0.9208993658525108,864,0,20260903,20260922T171255,1790077982
mf,"learning_rate=0.005,n_factors=32,regularisation=0.1",val,gini,10.0,0.9821798941798942,864,0,20260903,20260922T171255,1790077982
mf,"learning_rate=0.005,n_factors=32,regularisation=0.1",val,precision_at_k,20.0,0.0265625,864,0,20260903,20260922T171255,1790077982
mf,"learning_rate=0.005,n_factors=32,regularisation=0.1",val,recall_at_k,20.0,0.08941060528245325,864,0,20260903,20260922T171255,1790077982
mf,"learning_rate=0.005,n_factors=32,regularisation=0.1",val,coverage,20.0,0.14412698412698413,864,0,20260903,20260922T171255,1790077982
mf,"learning_rate=0.005,n_factors=32,regularisation=0.1",val,mean_popularity,20.0,172.50717592592594,864,0,20260903,20260922T171255,1790077982
mf,"learning_rate=0.005,n_factors=32,regularisation=0.1",val,popularity_percentile,20.0,0.905771852498941,864,0,20260903,20260922T171255,1790077982
mf,"learning_rate=0.005,n_factors=32,regularisation=0.1",val,gini,20.0,0.9703140799529688,864,0,20260903,20260922T171255,1790077982
mf,"learning_rate=0.01,n_factors=32,regularisation=0.1",val,rmse,,0.9582366465634382,943,9988,20260903,20260922T171255,1790078015
mf,"learning_rate=0.01,n_factors=32,regularisation=0.1",val,mae,,0.7576411354248281,943,9988,20260903,20260922T171255,1790078015
mf,"learning_rate=0.01,n_factors=32,regularisation=0.1",val,precision_at_k,5.0,0.033796296296296297,864,0,20260903,20260922T171255,1790078015
mf,"learning_rate=0.01,n_factors=32,regularisation=0.1",val,recall_at_k,5.0,0.027142268407064258,864,0,20260903,20260922T171255,1790078015
mf,"learning_rate=0.01,n_factors=32,regularisation=0.1",val,coverage,5.0,0.08253968253968254,864,0,20260903,20260922T171255,1790078015
mf,"learning_rate=0.01,n_factors=32,regularisation=0.1",val,mean_popularity,5.0,193.88194444444446,864,0,20260903,20260922T171255,1790078015
mf,"learning_rate=0.01,n_factors=32,regularisation=0.1",val,popularity_percentile,5.0,0.924544096192762,864,0,20260903,20260922T171255,1790078015
mf,"learning_rate=0.01,n_factors=32,regularisation=0.1",val,gini,5.0,0.985017342739565,864,0,20260903,20260922T171255,1790078015
mf,"learning_rate=0.01,n_factors=32,regularisation=0.1",val,precision_at_k,10.0,0.02928240740740741,864,0,20260903,20260922T171255,1790078015
mf,"learning_rate=0.01,n_factors=32,regularisation=0.1",val,recall_at_k,10.0,0.04981781663537715,864,0,20260903,20260922T171255,1790078015
mf,"learning_rate=0.01,n_factors=32,regularisation=0.1",val,coverage,10.0,0.12825396825396826,864,0,20260903,20260922T171255,1790078015
mf,"learning_rate=0.01,n_factors=32,regularisation=0.1",val,mean_popularity,10.0,184.10821759259258,864,0,20260903,20260922T171255,1790078015
mf,"learning_rate=0.01,n_factors=32,regularisation=0.1",val,popularity_percentile,10.0,0.9154036660548731,864,0,20260903,20260922T171255,1790078015
mf,"learning_rate=0.01,n_factors=32,regularisation=0.1",val,gini,10.0,0.9772476484420929,864,0,20260903,20260922T171255,1790078015
mf,"learning_rate=0.01,n_factors=32,regularisation=0.1",val,precision_at_k,20.0,0.027083333333333334,864,0,20260903,20260922T171255,1790078015
mf,"learning_rate=0.01,n_factors=32,regularisation=0.1",val,recall_at_k,20.0,0.09163996414993686,864,0,20260903,20260922T171255,1790078015
mf,"learning_rate=0.01,n_factors=32,regularisation=0.1",val,coverage,20.0,0.19111111111111112,864,0,20260903,20260922T171255,1790078015
mf,"learning_rate=0.01,n_factors=32,regularisation=0.1",val,mean_popularity,20.0,168.51087962962964,864,0,20260903,20260922T171255,1790078015
mf,"learning_rate=0.01,n_factors=32,regularisation=0.1",val,popularity_percentile,20.0,0.898862409701633,864,0,20260903,20260922T171255,1790078015
mf,"learning_rate=0.01,n_factors=32,regularisation=0.1",val,gini,20.0,0.962672251616696,864,0,20260903,20260922T171255,1790078015
mf,"learning_rate=0.005,n_factors=64,regularisation=0.005",val,rmse,,0.9910988765980218,943,9988,20260903,20260922T171255,1790078034
mf,"learning_rate=0.005,n_factors=64,regularisation=0.005",val,mae,,0.7827778299185828,943,9988,20260903,20260922T171255,1790078034
mf,"learning_rate=0.005,n_factors=64,regularisation=0.005",val,precision_at_k,5.0,0.03194444444444445,864,0,20260903,20260922T171255,1790078034
mf,"learning_rate=0.005,n_factors=64,regularisation=0.005",val,recall_at_k,5.0,0.024866805898825794,864,0,20260903,20260922T171255,1790078034
mf,"learning_rate=0.005,n_factors=64,regularisation=0.005",val,coverage,5.0,0.10857142857142857,864,0,20260903,20260922T171255,1790078034
mf,"learning_rate=0.005,n_factors=64,regularisation=0.005",val,mean_popularity,5.0,196.59907407407408,864,0,20260903,20260922T171255,1790078034
mf,"learning_rate=0.005,n_factors=64,regularisation=0.005",val,popularity_percentile,5.0,0.9273454044896231,864,0,20260903,20260922T171255,1790078034
mf,"learning_rate=0.005,n_factors=64,regularisation=0.005",val,gini,5.0,0.9753991769547325,864,0,20260903,20260922T171255,1790078034
mf,"learning_rate=0.005,n_factors=64,regularisation=0.005",val,precision_at_k,10.0,0.026041666666666668,864,0,20260903,20260922T171255,1790078034
mf,"learning_rate=0.005,n_factors=64,regularisation=0.005",val,recall_at_k,10.0,0.042440292837674934,864,0,20260903,20260922T171255,1790078034
mf,"learning_rate=0.005,n_factors=64,regularisation=0.005",val,coverage,10.0,0.15301587301587302,864,0,20260903,20260922T171255,1790078034
mf,"learning_rate=0.005,n_factors=64,regularisation=0.005",val,mean_popularity,10.0,184.5318287037037,864,0,20260903,20260922T171255,1790078034
mf,"learning_rate=0.005,n_factors=64,regularisation=0.005",val,popularity_percentile,10.0,0.9175343545578615,864,0,20260903,20260922T171255,1790078034
mf,"learning_rate=0.005,n_factors=64,regularisation=0.005",val,gini,10.0,0.9668653733098177,864,0,20260903,20260922T171255,1790078034
mf,"learning_rate=0.005,n_factors=64,regularisation=0.005",val,precision_at_k,20.0,0.02297453703703704,864,0,20260903,20260922T171255,1790078034
mf,"learning_rate=0.005,n_factors=64,regularisation=0.005",val,recall_at_k,20.0,0.07577401298578564,864,0,20260903,20260922T171255,1790078034
mf,"learning_rate=0.005,n_factors=64,regularisation=0.005",val,coverage,20.0,0.20507936507936508,864,0,20260903,20260922T171255,1790078034
mf,"learning_rate=0.005,n_factors=64,regularisation=0.005",val,mean_popularity,20.0,169.6142939814815,864,0,20260903,20260922T171255,1790078034
mf,"learning_rate=0.005,n_factors=64,regularisation=0.005",val,popularity_percentile,20.0,0.9029831183232152,864,0,20260903,20260922T171255,1790078034
mf,"learning_rate=0.005,n_factors=64,regularisation=0.005",val,gini,20.0,0.9522904908877131,864,0,20260903,20260922T171255,1790078034
mf,"learning_rate=0.01,n_factors=64,regularisation=0.005",val,rmse,,0.9900573700294135,943,9988,20260903,20260922T171255,1790078046
mf,"learning_rate=0.01,n_factors=64,regularisation=0.005",val,mae,,0.7819009682882632,943,9988,20260903,20260922T171255,1790078046
mf,"learning_rate=0.01,n_factors=64,regularisation=0.005",val,precision_at_k,5.0,0.03194444444444445,864,0,20260903,20260922T171255,1790078046
mf,"learning_rate=0.01,n_factors=64,regularisation=0.005",val,recall_at_k,5.0,0.02427903525897182,864,0,20260903,20260922T171255,1790078046
mf,"learning_rate=0.01,n_factors=64,regularisation=0.005",val,coverage,5.0,0.11555555555555555,864,0,20260903,20260922T171255,1790078046
mf,"learning_rate=0.01,n_factors=64,regularisation=0.005",val,mean_popularity,5.0,196.65833333333333,864,0,20260903,20260922T171255,1790078046
mf,"learning_rate=0.01,n_factors=64,regularisation=0.005",val,popularity_percentile,5.0,0.9273017259635747,864,0,20260903,20260922T171255,1790078046
mf,"learning_rate=0.01,n_factors=64,regularisation=0.005",val,gini,5.0,0.9732645502645503,864,0,20260903,20260922T171255,1790078046
mf,"learning_rate=0.01,n_factors=64,regularisation=0.005",val,precision_at_k,10.0,0.026273148148148153,864,0,20260903,20260922T171255,1790078046
mf,"learning_rate=0.01,n_factors=64,regularisation=0.005",val,recall_at_k,10.0,0.043648176440021245,864,0,20260903,20260922T171255,1790078046
mf,"learning_rate=0.01,n_factors=64,regularisation=0.005",val,coverage,10.0,0.16,864,0,20260903,20260922T171255,1790078046
mf,"learning_rate=0.01,n_factors=64,regularisation=0.005",val,mean_popularity,10.0,183.3349537037037,864,0,20260903,20260922T171255,1790078046
mf,"learning_rate=0.01,n_factors=64,regularisation=0.005",val,popularity_percentile,10.0,0.9159780313191208,864,0,20260903,20260922T171255,1790078046
mf,"learning_rate=0.01,n_factors=64,regularisation=0.005",val,gini,10.0,0.964186507936508,864,0,20260903,20260922T171255,1790078046
mf,"learning_rate=0.01,n_factors=64,regularisation=0.005",val,precision_at_k,20.0,0.023668981481481485,864,0,20260903,20260922T171255,1790078046
mf,"learning_rate=0.01,n_factors=64,regularisation=0.005",val,recall_at_k,20.0,0.07589726448498134,864,0,20260903,20260922T171255,1790078046
mf,"learning_rate=0.01,n_factors=64,regularisation=0.005",val,coverage,20.0,0.21396825396825397,864,0,20260903,20260922T171255,1790078046
mf,"learning_rate=0.01,n_factors=64,regularisation=0.005",val,mean_popularity,20.0,167.8195601851852,864,0,20260903,20260922T171255,1790078046
mf,"learning_rate=0.01,n_factors=64,regularisation=0.005",val,popularity_percentile,20.0,0.9008273551108289,864,0,20260903,20260922T171255,1790078046
mf,"learning_rate=0.01,n_factors=64,regularisation=0.005",val,gini,20.0,0.9495843621399177,864,0,20260903,20260922T171255,1790078046
mf,"learning_rate=0.005,n_factors=64,regularisation=0.02",val,rmse,,0.9843879993681558,943,9988,20260903,20260922T171255,1790078068
mf,"learning_rate=0.005,n_factors=64,regularisation=0.02",val,mae,,0.7772396140254381,943,9988,20260903,20260922T171255,1790078068
mf,"learning_rate=0.005,n_factors=64,regularisation=0.02",val,precision_at_k,5.0,0.033101851851851855,864,0,20260903,20260922T171255,1790078068
mf,"learning_rate=0.005,n_factors=64,regularisation=0.02",val,recall_at_k,5.0,0.02590207785423664,864,0,20260903,20260922T171255,1790078068
mf,"learning_rate=0.005,n_factors=64,regularisation=0.02",val,coverage,5.0,0.1073015873015873,864,0,20260903,20260922T171255,1790078068
mf,"learning_rate=0.005,n_factors=64,regularisation=0.02",val,mean_popularity,5.0,196.50208333333333,864,0,20260903,20260922T171255,1790078068
mf,"learning_rate=0.005,n_factors=64,regularisation=0.02",val,popularity_percentile,5.0,0.92603799002306,864,0,20260903,20260922T171255,1790078068
mf,"learning_rate=0.005,n_factors=64,regularisation=0.02",val,gini,5.0,0.976139035861258,864,0,20260903,20260922T171255,1790078068
mf,"learning_rate=0.005,n_factors=64,regularisation=0.02",val,precision_at_k,10.0,0.027546296296296298,864,0,20260903,20260922T171255,1790078068
mf,"learning_rate=0.005,n_factors=64,regularisation=0.02",val,recall_at_k,10.0,0.043931353195913826,864,0,20260903,20260922T171255,1790078068
mf,"learning_rate=0.005,n_factors=64,regularisation=0.02",val,coverage,10.0,0.15492063492063493,864,0,20260903,20260922T171255,1790078068
mf,"learning_rate=0.005,n_factors=64,regularisation=0.02",val,mean_popularity,10.0,184.6230324074074,864,0,20260903,20260922T171255,1790078068
mf,"learning_rate=0.005,n_factors=64,regularisation=0.02",val,popularity_percentile,10.0,0.9160461962915902,864,0,20260903,20260922T171255,1790078068
mf,"learning_rate=0.005,n_factors=64,regularisation=0.02",val,gini,10.0,0.9670486478542034,864,0,20260903,20260922T171255,1790078068
mf,"learning_rate=0.005,n_factors=64,regularisation=0.02",val,precision_at_k,20.0,0.024131944444444445,864,0,20260903,20260922T171255,1790078068
mf,"learning_rate=0.005,n_factors=64,regularisation=0.02",val,recall_at_k,20.0,0.07980512013205944,864,0,20260903,20260922T171255,1790078068
mf,"learning_rate=0.005,n_factors=64,regularisation=0.02",val,coverage,20.0,0.206984126984127,864,0,20260903,20260922T171255,1790078068
mf,"learning_rate=0.005,n_factors=64,regularisation=0.02",val,mean_popularity,20.0,168.43096064814816,864,0,20260903,20260922T171255,1790078068
mf,"learning_rate=0.005,n_factors=64,regularisation=0.02",val,popularity_percentile,20.0,0.9004100192950256,864,0,20260903,20260922T171255,1790078068
mf,"learning_rate=0.005,n_factors=64,regularisation=0.02",val,gini,20.0,0.9524058641975308,864,0,20260903,20260922T171255,1790078068
mf,"learning_rate=0.01,n_factors=64,regularisation=0.02",val,rmse,,0.9839224216671986,943,9988,20260903,20260922T171255,1790078083
mf,"learning_rate=0.01,n_factors=64,regularisation=0.02",val,mae,,0.7761747902084855,943,9988,20260903,20260922T171255,1790078083
mf,"learning_rate=0.01,n_factors=64,regularisation=0.02",val,precision_at_k,5.0,0.034027777777777775,864,0,20260903,20260922T171255,1790078083
mf,"learning_rate=0.01,n_factors=64,regularisation=0.02",val,recall_at_k,5.0,0.02553855784372589,864,0,20260903,20260922T171255,1790078083
mf,"learning_rate=0.01,n_factors=64,regularisation=0.02",val,coverage,5.0,0.12761904761904763,864,0,20260903,20260922T171255,1790078083
mf,"learning_rate=0.01,n_factors=64,regularisation=0.02",val,mean_popularity,5.0,200.92222222222222,864,0,20260903,20260922T171255,1790078083
mf,"learning_rate=0.01,n_factors=64,regularisation=0.02",val,popularity_percentile,5.0,0.9287312049978823,864,0,20260903,20260922T171255,1790078083
mf,"learning_rate=0.01,n_factors=64,regularisation=0.02",val,gini,5.0,0.9693400940623162,864,0,20260903,20260922T171255,1790078083
mf,"learning_rate=0.01,n_factors=64,regularisation=0.02",val,precision_at_k,10.0,0.028472222222222225,864,0,20260903,20260922T171255,1790078083
mf,"learning_rate=0.01,n_factors=64,regularisation=0.02",val,recall_at_k,10.0,0.04463827846820664,864,0,20260903,20260922T171255,1790078083
mf,"learning_rate=0.01,n_factors=64,regularisation=0.02",val,coverage,10.0,0.17523809523809525,864,0,20260903,20260922T171255,1790078083
mf,"learning_rate=0.01,n_factors=64,regularisation=0.02",val,mean_popularity,10.0,185.6130787037037,864,0,20260903,20260922T171255,1790078083
mf,"learning_rate=0.01,n_factors=64,regularisation=0.02",val,popularity_percentile,10.0,0.9161697315167773,864,0,20260903,20260922T171255,1790078083
mf,"learning_rate=0.01,n_factors=64,regularisation=0.02",val,gini,10.0,0.9592039976484421,864,0,20260903,20260922T171255,1790078083
mf,"learning_rate=0.01,n_factors=64,regularisation=0.02",val,precision_at_k,20.0,0.025,864,0,20260903,20260922T171255,1790078083
mf,"learning_rate=0.01,n_factors=64,regularisation=0.02",val,recall_at_k,20.0,0.08298747615734706,864,0,20260903,20260922T171255,1790078083
mf,"learning_rate=0.01,n_factors=64,regularisation=0.02",val,coverage,20.0,0.23365079365079366,864,0,20260903,20260922T171255,1790078083
mf,"learning_rate=0.01,n_factors=64,regularisation=0.02",val,mean_popularity,20.0,168.8883101851852,864,0,20260903,20260922T171255,1790078083
mf,"learning_rate=0.01,n_factors=64,regularisation=0.02",val,popularity_percentile,20.0,0.8996242837898254,864,0,20260903,20260922T171255,1790078083
mf,"learning_rate=0.01,n_factors=64,regularisation=0.02",val,gini,20.0,0.9428727219282775,864,0,20260903,20260922T171255,1790078083
mf,"learning_rate=0.005,n_factors=64,regularisation=0.05",val,rmse,,0.971641300831718,943,9988,20260903,20260922T171255,1790078116
mf,"learning_rate=0.005,n_factors=64,regularisation=0.05",val,mae,,0.766870162992793,943,9988,20260903,20260922T171255,1790078116
mf,"learning_rate=0.005,n_factors=64,regularisation=0.05",val,precision_at_k,5.0,0.034027777777777775,864,0,20260903,20260922T171255,1790078116
mf,"learning_rate=0.005,n_factors=64,regularisation=0.05",val,recall_at_k,5.0,0.024938537041234936,864,0,20260903,20260922T171255,1790078116
mf,"learning_rate=0.005,n_factors=64,regularisation=0.05",val,coverage,5.0,0.11619047619047619,864,0,20260903,20260922T171255,1790078116
mf,"learning_rate=0.005,n_factors=64,regularisation=0.05",val,mean_popularity,5.0,197.96550925925925,864,0,20260903,20260922T171255,1790078116
mf,"learning_rate=0.005,n_factors=64,regularisation=0.05",val,popularity_percentile,5.0,0.9271796613958304,864,0,20260903,20260922T171255,1790078116
mf,"learning_rate=0.005,n_factors=64,regularisation=0.05",val,gini,5.0,0.9753283362727807,864,0,20260903,20260922T171255,1790078116
mf,"learning_rate=0.005,n_factors=64,regularisation=0.05",val,precision_at_k,10.0,0.02974537037037037,864,0,20260903,20260922T171255,1790078116
mf,"learning_rate=0.005,n_factors=64,regularisation=0.05",val,recall_at_k,10.0,0.04696598012376992,864,0,20260903,20260922T171255,1790078116
mf,"learning_rate=0.005,n_factors=64,regularisation=0.05",val,coverage,10.0,0.16126984126984126,864,0,20260903,20260922T171255,1790078116
mf,"learning_rate=0.005,n_factors=64,regularisation=0.05",val,mean_popularity,10.0,183.8826388888889,864,0,20260903,20260922T171255,1790078116
mf,"learning_rate=0.005,n_factors=64,regularisation=0.05",val,popularity_percentile,10.0,0.914508109205139,864,0,20260903,20260922T171255,1790078116
mf,"learning_rate=0.005,n_factors=64,regularisation=0.05",val,gini,10.0,0.9654315108759554,864,0,20260903,20260922T171255,1790078116
mf,"learning_rate=0.005,n_factors=64,regularisation=0.05",val,precision_at_k,20.0,0.025578703703703704,864,0,20260903,20260922T171255,1790078116
mf,"learning_rate=0.005,n_factors=64,regularisation=0.05",val,recall_at_k,20.0,0.08477665429919544,864,0,20260903,20260922T171255,1790078116
mf,"learning_rate=0.005,n_factors=64,regularisation=0.05",val,coverage,20.0,0.22603174603174603,864,0,20260903,20260922T171255,1790078116
mf,"learning_rate=0.005,n_factors=64,regularisation=0.05",val,mean_popularity,20.0,168.02581018518518,864,0,20260903,20260922T171255,1790078116
mf,"learning_rate=0.005,n_factors=64,regularisation=0.05",val,popularity_percentile,20.0,0.8983218327921315,864,0,20260903,20260922T171255,1790078116
mf,"learning_rate=0.005,n_factors=64,regularisation=0.05",val,gini,20.0,0.9502122281011169,864,0,20260903,20260922T171255,1790078116
mf,"learning_rate=0.01,n_factors=64,regularisation=0.05",val,rmse,,0.9712980571486134,943,9988,20260903,20260922T171255,1790078135
mf,"learning_rate=0.01,n_factors=64,regularisation=0.05",val,mae,,0.7664961478790553,943,9988,20260903,20260922T171255,1790078135
mf,"learning_rate=0.01,n_factors=64,regularisation=0.05",val,precision_at_k,5.0,0.0349537037037037,864,0,20260903,20260922T171255,1790078135
mf,"learning_rate=0.01,n_factors=64,regularisation=0.05",val,recall_at_k,5.0,0.02614363980883771,864,0,20260903,20260922T171255,1790078135
mf,"learning_rate=0.01,n_factors=64,regularisation=0.05",val,coverage,5.0,0.12380952380952381,864,0,20260903,20260922T171255,1790078135
mf,"learning_rate=0.01,n_factors=64,regularisation=0.05",val,mean_popularity,5.0,194.38148148148147,864,0,20260903,20260922T171255,1790078135
mf,"learning_rate=0.01,n_factors=64,regularisation=0.05",val,popularity_percentile,5.0,0.9279539625394136,864,0,20260903,20260922T171255,1790078135
mf,"learning_rate=0.01,n_factors=64,regularisation=0.05",val,gini,5.0,0.9737231040564374,864,0,20260903,20260922T171255,1790078135
mf,"learning_rate=0.01,n_factors=64,regularisation=0.05",val,precision_at_k,10.0,0.029745370370370373,864,0,20260903,20260922T171255,1790078135
mf,"learning_rate=0.01,n_factors=64,regularisation=0.05",val,recall_at_k,10.0,0.05074862269597985,864,0,20260903,20260922T171255,1790078135
mf,"learning_rate=0.01,n_factors=64,regularisation=0.05",val,coverage,10.0,0.16380952380952382,864,0,20260903,20260922T171255,1790078135
mf,"learning_rate=0.01,n_factors=64,regularisation=0.05",val,mean_popularity,10.0,181.42719907407408,864,0,20260903,20260922T171255,1790078135
mf,"learning_rate=0.01,n_factors=64,regularisation=0.05",val,popularity_percentile,10.0,0.9153416778436632,864,0,20260903,20260922T171255,1790078135
mf,"learning_rate=0.01,n_factors=64,regularisation=0.05",val,gini,10.0,0.9637868900646679,864,0,20260903,20260922T171255,1790078135
mf,"learning_rate=0.01,n_factors=64,regularisation=0.05",val,precision_at_k,20.0,0.02552083333333333,864,0,20260903,20260922T171255,1790078135
mf,"learning_rate=0.01,n_factors=64,regularisation=0.05",val,recall_at_k,20.0,0.08585894870779134,864,0,20260903,20260922T171255,1790078135
mf,"learning_rate=0.01,n_factors=64,regularisation=0.05",val,coverage,20.0,0.2342857142857143,864,0,20260903,20260922T171255,1790078135
mf,"learning_rate=0.01,n_factors=64,regularisation=0.05",val,mean_popularity,20.0,166.94965277777777,864,0,20260903,20260922T171255,1790078135
mf,"learning_rate=0.01,n_factors=64,regularisation=0.05",val,popularity_percentile,20.0,0.8987246090992517,864,0,20260903,20260922T171255,1790078135
mf,"learning_rate=0.01,n_factors=64,regularisation=0.05",val,gini,20.0,0.9481591710758377,864,0,20260903,20260922T171255,1790078135
mf,"learning_rate=0.005,n_factors=64,regularisation=0.1",val,rmse,,0.9620436111237165,943,9988,20260903,20260922T171255,1790078184
mf,"learning_rate=0.005,n_factors=64,regularisation=0.1",val,mae,,0.7603186825540748,943,9988,20260903,20260922T171255,1790078184
mf,"learning_rate=0.005,n_factors=64,regularisation=0.1",val,precision_at_k,5.0,0.032407407407407406,864,0,20260903,20260922T171255,1790078184
mf,"learning_rate=0.005,n_factors=64,regularisation=0.1",val,recall_at_k,5.0,0.02392602984443659,864,0,20260903,20260922T171255,1790078184
mf,"learning_rate=0.005,n_factors=64,regularisation=0.1",val,coverage,5.0,0.06666666666666667,864,0,20260903,20260922T171255,1790078184
mf,"learning_rate=0.005,n_factors=64,regularisation=0.1",val,mean_popularity,5.0,197.6747685185185,864,0,20260903,20260922T171255,1790078184
mf,"learning_rate=0.005,n_factors=64,regularisation=0.1",val,popularity_percentile,5.0,0.9286606134406324,864,0,20260903,20260922T171255,1790078184
mf,"learning_rate=0.005,n_factors=64,regularisation=0.1",val,gini,5.0,0.9886290417401529,864,0,20260903,20260922T171255,1790078184
mf,"learning_rate=0.005,n_factors=64,regularisation=0.1",val,precision_at_k,10.0,0.028587962962962968,864,0,20260903,20260922T171255,1790078184
mf,"learning_rate=0.005,n_factors=64,regularisation=0.1",val,recall_at_k,10.0,0.04601702337113128,864,0,20260903,20260922T171255,1790078184
mf,"learning_rate=0.005,n_factors=64,regularisation=0.1",val,coverage,10.0,0.10539682539682539,864,0,20260903,20260922T171255,1790078184
mf,"learning_rate=0.005,n_factors=64,regularisation=0.1",val,mean_popularity,10.0,188.44201388888888,864,0,20260903,20260922T171255,1790078184
mf,"learning_rate=0.005,n_factors=64,regularisation=0.1",val,popularity_percentile,10.0,0.9202114658336863,864,0,20260903,20260922T171255,1790078184
mf,"learning_rate=0.005,n_factors=64,regularisation=0.1",val,gini,10.0,0.9808521457965902,864,0,20260903,20260922T171255,1790078184
mf,"learning_rate=0.005,n_factors=64,regularisation=0.1",val,precision_at_k,20.0,0.02505787037037037,864,0,20260903,20260922T171255,1790078184
mf,"learning_rate=0.005,n_factors=64,regularisation=0.1",val,recall_at_k,20.0,0.08412194841530589,864,0,20260903,20260922T171255,1790078184
mf,"learning_rate=0.005,n_factors=64,regularisation=0.1",val,coverage,20.0,0.15619047619047619,864,0,20260903,20260922T171255,1790078184
mf,"learning_rate=0.005,n_factors=64,regularisation=0.1",val,mean_popularity,20.0,172.9007523148148,864,0,20260903,20260922T171255,1790078184
mf,"learning_rate=0.005,n_factors=64,regularisation=0.1",val,popularity_percentile,20.0,0.9050922984611041,864,0,20260903,20260922T171255,1790078184
mf,"learning_rate=0.005,n_factors=64,regularisation=0.1",val,gini,20.0,0.9676579952968842,864,0,20260903,20260922T171255,1790078184
mf,"learning_rate=0.01,n_factors=64,regularisation=0.1",val,rmse,,0.9607379035887156,943,9988,20260903,20260922T171255,1790078213
mf,"learning_rate=0.01,n_factors=64,regularisation=0.1",val,mae,,0.7592268518339033,943,9988,20260903,20260922T171255,1790078213
mf,"learning_rate=0.01,n_factors=64,regularisation=0.1",val,precision_at_k,5.0,0.030324074074074076,864,0,20260903,20260922T171255,1790078213
mf,"learning_rate=0.01,n_factors=64,regularisation=0.1",val,recall_at_k,5.0,0.022218914470552423,864,0,20260903,20260922T171255,1790078213
mf,"learning_rate=0.01,n_factors=64,regularisation=0.1",val,coverage,5.0,0.0653968253968254,864,0,20260903,20260922T171255,1790078213
mf,"learning_rate=0.01,n_factors=64,regularisation=0.1",val,mean_popularity,5.0,193.10092592592594,864,0,20260903,20260922T171255,1790078213
mf,"learning_rate=0.01,n_factors=64,regularisation=0.1",val,popularity_percentile,5.0,0.9257284166313708,864,0,20260903,20260922T171255,1790078213
mf,"learning_rate=0.01,n_factors=64,regularisation=0.1",val,gini,5.0,0.9882184009406232,864,0,20260903,20260922T171255,1790078213
mf,"learning_rate=0.01,n_factors=64,regularisation=0.1",val,precision_at_k,10.0,0.028356481481481483,864,0,20260903,20260922T171255,1790078213
mf,"learning_rate=0.01,n_factors=64,regularisation=0.1",val,recall_at_k,10.0,0.04630539430632941,864,0,20260903,20260922T171255,1790078213
mf,"learning_rate=0.01,n_factors=64,regularisation=0.1",val,coverage,10.0,0.10412698412698412,864,0,20260903,20260922T171255,1790078213
mf,"learning_rate=0.01,n_factors=64,regularisation=0.1",val,mean_popularity,10.0,184.653125,864,0,20260903,20260922T171255,1790078213
mf,"learning_rate=0.01,n_factors=64,regularisation=0.1",val,popularity_percentile,10.0,0.9172319138547697,864,0,20260903,20260922T171255,1790078213
mf,"learning_rate=0.01,n_factors=64,regularisation=0.1",val,gini,10.0,0.9805971487360376,864,0,20260903,20260922T171255,1790078213
mf,"learning_rate=0.01,n_factors=64,regularisation=0.1",val,precision_at_k,20.0,0.025520833333333333,864,0,20260903,20260922T171255,1790078213
mf,"learning_rate=0.01,n_factors=64,regularisation=0.1",val,recall_at_k,20.0,0.08742484645509567,864,0,20260903,20260922T171255,1790078213
mf,"learning_rate=0.01,n_factors=64,regularisation=0.1",val,coverage,20.0,0.15936507936507938,864,0,20260903,20260922T171255,1790078213
mf,"learning_rate=0.01,n_factors=64,regularisation=0.1",val,mean_popularity,20.0,168.66059027777777,864,0,20260903,20260922T171255,1790078213
mf,"learning_rate=0.01,n_factors=64,regularisation=0.1",val,popularity_percentile,20.0,0.9018467780836745,864,0,20260903,20260922T171255,1790078213
mf,"learning_rate=0.01,n_factors=64,regularisation=0.1",val,gini,20.0,0.9677185479129924,864,0,20260903,20260922T171255,1790078213
